candidate_id,selected_occupation,semantic_similarity_score,semantic_normalized_score,semantic_percentage,semantic_rank
Candidate_001,Administrative Assistant,0.4705461263656616,0.7107274951524262,71.07,3
Candidate_001,Bookkeeper,0.4637681841850281,0.65460003104619,65.46,4
Candidate_001,Continuing Care Assistant,0.4491218030452728,0.5333148076259117,53.33,9
Candidate_001,Delivery Driver,0.38471880555152893,0.0,0.0,15
Candidate_001,"Driver, Truck",0.4125099778175354,0.23013592949898903,23.01,13
Candidate_001,Food Service Supervisor,0.4521232843399048,0.5581697752754362,55.82,7
Candidate_001,Information Technology (IT) Analyst,0.472991943359375,0.7309810620709092,73.1,2
Candidate_001,Inside Sales Representative,0.4169851839542389,0.2671946657808549,26.72,11
Candidate_001,Licensed Practical Nurse (L.P.N.),0.4085945785045624,0.19771289776696946,19.77,14
Candidate_001,Office Administrator,0.45627740025520325,0.592569595414838,59.26,5
Candidate_001,Office Manager,0.4497096836566925,0.5381829884154277,53.82,8
Candidate_001,Restaurant Manager,0.4411966800689697,0.46768765361139003,46.77,10
Candidate_001,Retail Sales Associate,0.41468751430511475,0.24816789226725292,24.82,12
Candidate_001,Secondary School Teacher,0.45415470004081726,0.5749917263631265,57.5,6
Candidate_001,Software Developer,0.5054786205291748,1.0,100.0,1
Candidate_002,Administrative Assistant,0.430851548910141,0.4584755631199599,45.85,4
Candidate_002,Bookkeeper,0.4048367142677307,0.29844862898429786,29.84,9
Candidate_002,Continuing Care Assistant,0.4086941182613373,0.3221769571979699,32.22,8
Candidate_002,Delivery Driver,0.3563193082809448,0.0,0.0,15
Candidate_002,"Driver, Truck",0.3801620304584503,0.14666546160914046,14.67,13
Candidate_002,Food Service Supervisor,0.4168490171432495,0.37234077658013476,37.23,5
Candidate_002,Information Technology (IT) Analyst,0.47961124777793884,0.7584146258296381,75.84,2
Candidate_002,Inside Sales Representative,0.39163583517074585,0.21724510650093093,21.72,11
Candidate_002,Licensed Practical Nurse (L.P.N.),0.3987917900085449,0.2612640491252822,26.13,10
Candidate_002,Office Administrator,0.41645339131355286,0.36990713479607273,36.99,6
Candidate_002,Office Manager,0.4099811613559723,0.33009403848508867,33.01,7
Candidate_002,Restaurant Manager,0.37875697016716003,0.13802241260338624,13.8,14
Candidate_002,Retail Sales Associate,0.3868086040019989,0.18755101023174503,18.76,12
Candidate_002,Secondary School Teacher,0.43228602409362793,0.4672995540798286,46.73,3
Candidate_002,Software Developer,0.5188846588134766,1.0,100.0,1
Candidate_003,Administrative Assistant,0.49100974202156067,0.5875608276251357,58.76,3
Candidate_003,Bookkeeper,0.4418739378452301,0.3131939158562696,31.32,11
Candidate_003,Continuing Care Assistant,0.4467654228210449,0.34050722942211553,34.05,9
Candidate_003,Delivery Driver,0.38578468561172485,0.0,0.0,15
Candidate_003,"Driver, Truck",0.4103018641471863,0.13690022322461215,13.69,14
Candidate_003,Food Service Supervisor,0.44776830077171326,0.34610714847947993,34.61,8
Candidate_003,Information Technology (IT) Analyst,0.5648726224899292,1.0,100.0,1
Candidate_003,Inside Sales Representative,0.4494684636592865,0.3556006013452054,35.56,7
Candidate_003,Licensed Practical Nurse (L.P.N.),0.4244219958782196,0.2157449068876791,21.57,12
Candidate_003,Office Administrator,0.48598533868789673,0.5595053180176909,55.95,4
Candidate_003,Office Manager,0.4675544202327728,0.456589852149889,45.66,6
Candidate_003,Restaurant Manager,0.4175735414028168,0.17750417110847144,17.75,13
Candidate_003,Retail Sales Associate,0.44384199380874634,0.3241832432103207,32.42,10
Candidate_003,Secondary School Teacher,0.46760502457618713,0.45687241916303584,45.69,5
Candidate_003,Software Developer,0.5592961311340332,0.9688617142332233,96.89,2
Candidate_004,Administrative Assistant,0.43828800320625305,0.34101941166710276,34.1,8
Candidate_004,Bookkeeper,0.4474591612815857,0.4023904414251709,40.24,4
Candidate_004,Continuing Care Assistant,0.4209247827529907,0.22482920860003702,22.48,11
Candidate_004,Delivery Driver,0.38732677698135376,0.0,0.0,15
Candidate_004,"Driver, Truck",0.40418604016304016,0.11281785069273821,11.28,14
Candidate_004,Food Service Supervisor,0.4666491746902466,0.5308050728475976,53.08,3
Candidate_004,Information Technology (IT) Analyst,0.5095129013061523,0.8176381009208855,81.76,2
Candidate_004,Inside Sales Representative,0.4334857761859894,0.30888414424015775,30.89,9
Candidate_004,Licensed Practical Nurse (L.P.N.),0.40781083703041077,0.1370740585333478,13.71,13
Candidate_004,Office Administrator,0.4395100474357605,0.34919701717327073,34.92,7
Candidate_004,Office Manager,0.44266143441200256,0.37028528784852294,37.03,6
Candidate_004,Restaurant Manager,0.4123792350292206,0.16764460232167813,16.76,12
Candidate_004,Retail Sales Associate,0.4304797053337097,0.28876829167118706,28.88,10
Candidate_004,Secondary School Teacher,0.44333088397979736,0.37476507208178844,37.48,5
Candidate_004,Software Developer,0.5367646813392639,1.0,100.0,1
Candidate_005,Administrative Assistant,0.4546262323856354,0.49046360497589675,49.05,3
Candidate_005,Bookkeeper,0.42492368817329407,0.32276089611101794,32.28,9
Candidate_005,Continuing Care Assistant,0.42586013674736023,0.3280481523629014,32.8,8
Candidate_005,Delivery Driver,0.3677581250667572,0.0,0.0,15
Candidate_005,"Driver, Truck",0.37395229935646057,0.03497275520030476,3.5,14
Candidate_005,Food Service Supervisor,0.4271465241909027,0.3353111887341159,33.53,7
Candidate_005,Information Technology (IT) Analyst,0.5108234286308289,0.8077570318808662,80.78,2
Candidate_005,Inside Sales Representative,0.40288046002388,0.19830323866740682,19.83,11
Candidate_005,Licensed Practical Nurse (L.P.N.),0.4056984782218933,0.21421397284757837,21.42,10
Candidate_005,Office Administrator,0.44796815514564514,0.4528716202288789,45.29,5
Candidate_005,Office Manager,0.4311235249042511,0.35776562186341543,35.78,6
Candidate_005,Restaurant Manager,0.39063629508018494,0.12917179948271645,12.92,13
Candidate_005,Retail Sales Associate,0.39728403091430664,0.16670539590564917,16.67,12
Candidate_005,Secondary School Teacher,0.44827374815940857,0.4545970204455046,45.46,4
Candidate_005,Software Developer,0.5448724031448364,1.0,100.0,1
Candidate_006,Administrative Assistant,0.49991950392723083,0.5022755144662412,50.23,4
Candidate_006,Bookkeeper,0.4940810799598694,0.4678506593360056,46.79,5
Candidate_006,Continuing Care Assistant,0.48702722787857056,0.4262593262354456,42.63,9
Candidate_006,Delivery Driver,0.41473403573036194,0.0,0.0,15
Candidate_006,"Driver, Truck",0.44298255443573,0.16656055975248477,16.66,14
Candidate_006,Food Service Supervisor,0.5042318105697632,0.527701987822101,52.77,3
Candidate_006,Information Technology (IT) Analyst,0.5688779950141907,0.9088725822603883,90.89,2
Candidate_006,Inside Sales Representative,0.47154855728149414,0.33499308796775706,33.5,11
Candidate_006,Licensed Practical Nurse (L.P.N.),0.46962401270866394,0.32364547626950935,32.36,12
Candidate_006,Office Administrator,0.49363285303115845,0.46520779763692316,46.52,6
Candidate_006,Office Manager,0.4906313121318817,0.44750993752900514,44.75,7
Candidate_006,Restaurant Manager,0.46764451265335083,0.3119738328576241,31.2,13
Candidate_006,Retail Sales Associate,0.4726443588733673,0.34145421707770135,34.15,10
Candidate_006,Secondary School Teacher,0.48882585763931274,0.4368645116917636,43.69,8
Candidate_006,Software Developer,0.5843331217765808,1.0,100.0,1
Candidate_007,Administrative Assistant,0.4972133934497833,0.4613046162149277,46.13,4
Candidate_007,Bookkeeper,0.4900110065937042,0.41759446203965406,41.76,7
Candidate_007,Continuing Care Assistant,0.4690144658088684,0.2901697550374238,29.02,12
Candidate_007,Delivery Driver,0.4212014377117157,0.0,0.0,15
Candidate_007,"Driver, Truck",0.44901224970817566,0.16877944831285843,16.88,14
Candidate_007,Food Service Supervisor,0.49485427141189575,0.4469874752372369,44.7,5
Candidate_007,Information Technology (IT) Analyst,0.578595757484436,0.9552013965719094,95.52,2
Candidate_007,Inside Sales Representative,0.47770482301712036,0.34291016748698266,34.29,10
Candidate_007,Licensed Practical Nurse (L.P.N.),0.4614616930484772,0.24433316386225493,24.43,13
Candidate_007,Office Administrator,0.4939301908016205,0.44137937520697806,44.14,6
Candidate_007,Office Manager,0.48603615164756775,0.3934716919091758,39.35,8
Candidate_007,Restaurant Manager,0.4698101282119751,0.29499850514571707,29.5,11
Candidate_007,Retail Sales Associate,0.47882452607154846,0.34970546939419245,34.97,9
Candidate_007,Secondary School Teacher,0.5148848295211792,0.5685497851587828,56.85,3
Candidate_007,Software Developer,0.5859774947166443,1.0,100.0,1
Candidate_008,Administrative Assistant,0.46765005588531494,0.3993003883229979,39.93,4
Candidate_008,Bookkeeper,0.4620536267757416,0.36062153924867646,36.06,8
Candidate_008,Continuing Care Assistant,0.449933797121048,0.2768572222454515,27.69,10
Candidate_008,Delivery Driver,0.40987542271614075,0.0,0.0,15
Candidate_008,"Driver, Truck",0.4225211441516876,0.08739893622608873,8.74,14
Candidate_008,Food Service Supervisor,0.4895574748516083,0.5507101060581312,55.07,3
Candidate_008,Information Technology (IT) Analyst,0.5222185254096985,0.7764418754437454,77.64,2
Candidate_008,Inside Sales Representative,0.4529590308666229,0.2977656545991239,29.78,9
Candidate_008,Licensed Practical Nurse (L.P.N.),0.43254363536834717,0.15666782492777004,15.67,13
Candidate_008,Office Administrator,0.46612781286239624,0.38877964250720753,38.88,5
Candidate_008,Office Manager,0.4650447964668274,0.38129454318957917,38.13,6
Candidate_008,Restaurant Manager,0.44113171100616455,0.21602297352882474,21.6,12
Candidate_008,Retail Sales Associate,0.44963759183883667,0.274810045522339,27.48,11
Candidate_008,Secondary School Teacher,0.4646609425544739,0.3786415965959894,37.86,7
Candidate_008,Software Developer,0.5545650720596313,1.0,100.0,1
Candidate_009,Administrative Assistant,0.5320426821708679,0.5832858049989158,58.33,3
Candidate_009,Bookkeeper,0.5032666921615601,0.4007539376996639,40.08,6
Candidate_009,Continuing Care Assistant,0.5061572194099426,0.4190891308921823,41.91,4
Candidate_009,Delivery Driver,0.44448646903038025,0.02789921107060779,2.79,14
Candidate_009,"Driver, Truck",0.47424158453941345,0.2166418674939653,21.66,12
Candidate_009,Food Service Supervisor,0.49542945623397827,0.35104078072874595,35.1,8
Candidate_009,Information Technology (IT) Analyst,0.5571788549423218,0.7427295826498673,74.27,2
Candidate_009,Inside Sales Representative,0.4855526387691498,0.28839014962115017,28.84,10
Candidate_009,Licensed Practical Nurse (L.P.N.),0.4400881826877594,0.0,0.0,15
Candidate_009,Office Administrator,0.5028616189956665,0.39818447748858327,39.82,7
Candidate_009,Office Manager,0.4886447489261627,0.30800402357203743,30.8,9
Candidate_009,Restaurant Manager,0.46966102719306946,0.18758647494521088,18.76,13
Candidate_009,Retail Sales Associate,0.47868281602859497,0.24481348822938823,24.48,11
Candidate_009,Secondary School Teacher,0.5047097206115723,0.40990735613849,40.99,5
Candidate_009,Software Developer,0.5977373123168945,1.0,100.0,1
Candidate_010,Administrative Assistant,0.4838198125362396,0.5752204260174006,57.52,3
Candidate_010,Bookkeeper,0.4623202681541443,0.4531793806536002,45.32,8
Candidate_010,Continuing Care Assistant,0.4548724293708801,0.4109021112074824,41.09,9
Candidate_010,Delivery Driver,0.3824852406978607,0.0,0.0,15
Candidate_010,"Driver, Truck",0.41197165846824646,0.16737811670690406,16.74,14
Candidate_010,Food Service Supervisor,0.46308445930480957,0.4575172719701541,45.75,7
Candidate_010,Information Technology (IT) Analyst,0.5350187420845032,0.8658484864325436,86.58,2
Candidate_010,Inside Sales Representative,0.4295895993709564,0.2673854418256158,26.74,12
Candidate_010,Licensed Practical Nurse (L.P.N.),0.4289456903934479,0.2637303260083838,26.37,13
Candidate_010,Office Administrator,0.47537779808044434,0.5272997700792416,52.73,4
Candidate_010,Office Manager,0.46432697772979736,0.46457036317870903,46.46,6
Candidate_010,Restaurant Manager,0.43158456683158875,0.2787097708455877,27.87,10
Candidate_010,Retail Sales Associate,0.43114084005355835,0.276190978871008,27.62,11
Candidate_010,Secondary School Teacher,0.47020241618156433,0.4979219839331218,49.79,5
Candidate_010,Software Developer,0.5586517453193665,1.0,100.0,1
Candidate_011,Administrative Assistant,0.49315014481544495,0.6001075792939556,60.01,4
Candidate_011,Bookkeeper,0.4890348017215729,0.569274433707107,56.93,5
Candidate_011,Continuing Care Assistant,0.4624759256839752,0.37028891225454985,37.03,10
Candidate_011,Delivery Driver,0.4130529463291168,0.0,0.0,15
Candidate_011,"Driver, Truck",0.43902596831321716,0.19459616121889262,19.46,11
Candidate_011,Food Service Supervisor,0.4966239929199219,0.6261344893009065,62.61,3
Candidate_011,Information Technology (IT) Analyst,0.5123158097267151,0.7437013752420701,74.37,2
Candidate_011,Inside Sales Representative,0.43503671884536743,0.16470773956879414,16.47,12
Candidate_011,Licensed Practical Nurse (L.P.N.),0.4319382905960083,0.1414935658963367,14.15,13
Candidate_011,Office Administrator,0.48391810059547424,0.5309388716052961,53.09,6
Candidate_011,Office Manager,0.4747055768966675,0.46191641638143716,46.19,8
Candidate_011,Restaurant Manager,0.4635962247848511,0.3786824640168697,37.87,9
Candidate_011,Retail Sales Associate,0.4312029778957367,0.13598442534057287,13.6,14
Candidate_011,Secondary School Teacher,0.4768158793449402,0.47772731261430856,47.77,7
Candidate_011,Software Developer,0.5465243458747864,1.0,100.0,1
Candidate_012,Administrative Assistant,0.4357320964336395,0.5308117644659284,53.08,3
Candidate_012,Bookkeeper,0.4259248375892639,0.4636929164372106,46.37,6
Candidate_012,Continuing Care Assistant,0.4044872522354126,0.3169785229150095,31.7,11
Candidate_012,Delivery Driver,0.3581710457801819,0.0,0.0,15
Candidate_012,"Driver, Truck",0.3828223645687103,0.16870851944767382,16.87,13
Candidate_012,Food Service Supervisor,0.4343358278274536,0.5212559913520569,52.13,4
Candidate_012,Information Technology (IT) Analyst,0.500766396522522,0.9758930428929817,97.59,2
Candidate_012,Inside Sales Representative,0.40462201833724976,0.31790083420016724,31.79,10
Candidate_012,Licensed Practical Nurse (L.P.N.),0.37914854288101196,0.14356564482245202,14.36,14
Candidate_012,Office Administrator,0.42771458625793457,0.4759415855922005,47.59,5
Candidate_012,Office Manager,0.4195508658885956,0.4200707744396174,42.01,8
Candidate_012,Restaurant Manager,0.38588789105415344,0.18968834771257828,18.97,12
Candidate_012,Retail Sales Associate,0.40548768639564514,0.3238252870749964,32.38,9
Candidate_012,Secondary School Teacher,0.4243106544017792,0.4526457810683473,45.26,7
Candidate_012,Software Developer,0.5042888522148132,1.0,100.0,1
Candidate_013,Administrative Assistant,0.47558891773223877,0.4839152415556534,48.39,4
Candidate_013,Bookkeeper,0.44568902254104614,0.29377691627177466,29.38,10
Candidate_013,Continuing Care Assistant,0.46340256929397583,0.4064202580929805,40.64,5
Candidate_013,Delivery Driver,0.3994916081428528,0.0,0.0,15
Candidate_013,"Driver, Truck",0.41922426223754883,0.1254831757429289,12.55,14
Candidate_013,Food Service Supervisor,0.4604179263114929,0.38744042506578164,38.74,7
Candidate_013,Information Technology (IT) Analyst,0.5315746665000916,0.8399377775015029,83.99,2
Candidate_013,Inside Sales Representative,0.45004796981811523,0.32149617515087514,32.15,8
Candidate_013,Licensed Practical Nurse (L.P.N.),0.4441653788089752,0.28408781650427517,28.41,12
Candidate_013,Office Administrator,0.46287527680397034,0.40306711888151114,40.31,6
Candidate_013,Office Manager,0.4500249922275543,0.32135005689325674,32.14,9
Candidate_013,Restaurant Manager,0.4239843785762787,0.15575353431827021,15.58,13
Candidate_013,Retail Sales Associate,0.4449426233768463,0.28903044187222404,28.9,11
Candidate_013,Secondary School Teacher,0.481108158826828,0.5190129986498749,51.9,3
Candidate_013,Software Developer,0.5567449927330017,1.0,100.0,1
Candidate_014,Administrative Assistant,0.5150535106658936,0.6410461823333806,64.1,3
Candidate_014,Bookkeeper,0.4649537205696106,0.33088412064045336,33.09,8
Candidate_014,Continuing Care Assistant,0.48081856966018677,0.42910158408538196,42.91,6
Candidate_014,Delivery Driver,0.418222576379776,0.04157695988522452,4.16,14
Candidate_014,"Driver, Truck",0.42367374897003174,0.07532454497467053,7.53,13
Candidate_014,Food Service Supervisor,0.4503766894340515,0.24063939063903086,24.06,10
Candidate_014,Information Technology (IT) Analyst,0.5511531233787537,0.8645347495273501,86.45,2
Candidate_014,Inside Sales Representative,0.45370587706565857,0.2612500099170236,26.13,9
Candidate_014,Licensed Practical Nurse (L.P.N.),0.44539809226989746,0.2098174658803651,20.98,11
Candidate_014,Office Administrator,0.5016408562660217,0.5580099753264454,55.8,4
Candidate_014,Office Manager,0.474932461977005,0.3926613656562496,39.27,7
Candidate_014,Restaurant Manager,0.4115067422389984,0.0,0.0,15
Candidate_014,Retail Sales Associate,0.44388478994369507,0.20044878452346535,20.04,12
Candidate_014,Secondary School Teacher,0.4811060130596161,0.4308811132453981,43.09,5
Candidate_014,Software Developer,0.5730345249176025,1.0,100.0,1
Candidate_015,Administrative Assistant,0.5003218054771423,0.5080543877063274,50.81,3
Candidate_015,Bookkeeper,0.4928012490272522,0.4606594401398101,46.07,6
Candidate_015,Continuing Care Assistant,0.4623902440071106,0.26900766570285845,26.9,11
Candidate_015,Delivery Driver,0.41970452666282654,0.0,0.0,15
Candidate_015,"Driver, Truck",0.4336376488208771,0.08780727842662928,8.78,14
Candidate_015,Food Service Supervisor,0.4971331059932709,0.48795903361245896,48.8,5
Candidate_015,Information Technology (IT) Analyst,0.5559578537940979,0.8586757294062297,85.87,2
Candidate_015,Inside Sales Representative,0.4665772318840027,0.2953942864548167,29.54,9
Candidate_015,Licensed Practical Nurse (L.P.N.),0.44838324189186096,0.1807347918484176,18.07,13
Candidate_015,Office Administrator,0.4979192614555359,0.4929134272349848,49.29,4
Candidate_015,Office Manager,0.4909456670284271,0.4489654634871952,44.9,7
Candidate_015,Restaurant Manager,0.4608460068702698,0.2592758009640586,25.93,12
Candidate_015,Retail Sales Associate,0.4634825885295868,0.27589167910163936,27.59,10
Candidate_015,Secondary School Teacher,0.4840281307697296,0.40537078130443727,40.54,8
Candidate_015,Software Developer,0.5783829689025879,1.0,100.0,1
Candidate_016,Administrative Assistant,0.45423510670661926,0.4376967566986506,43.77,3
Candidate_016,Bookkeeper,0.4495970904827118,0.4114342357794742,41.14,7
Candidate_016,Continuing Care Assistant,0.42425957322120667,0.2679618879057839,26.8,11
Candidate_016,Delivery Driver,0.3769369423389435,0.0,0.0,15
Candidate_016,"Driver, Truck",0.40172430872917175,0.14035714773895702,14.04,14
Candidate_016,Food Service Supervisor,0.4509759545326233,0.41924198034251337,41.92,5
Candidate_016,Information Technology (IT) Analyst,0.5356302261352539,0.8985923041731363,89.86,2
Candidate_016,Inside Sales Representative,0.42736250162124634,0.2855320554262618,28.55,9
Candidate_016,Licensed Practical Nurse (L.P.N.),0.41275420784950256,0.2028133666048858,20.28,13
Candidate_016,Office Administrator,0.4532664120197296,0.43221157440291014,43.22,4
Candidate_016,Office Manager,0.44722843170166016,0.3980218310390374,39.8,8
Candidate_016,Restaurant Manager,0.4157570004463196,0.2198165204497026,21.98,12
Candidate_016,Retail Sales Associate,0.4257185459136963,0.276223243409352,27.62,10
Candidate_016,Secondary School Teacher,0.45061805844306946,0.4172154127142354,41.72,6
Candidate_016,Software Developer,0.5535390377044678,1.0,100.0,1
Candidate_017,Administrative Assistant,0.4452670216560364,0.47100696820171023,47.1,3
Candidate_017,Bookkeeper,0.4256695508956909,0.3607315538526347,36.07,8
Candidate_017,Continuing Care Assistant,0.4137895405292511,0.29388246492421377,29.39,9
Candidate_017,Delivery Driver,0.3615625500679016,0.0,0.0,15
Candidate_017,"Driver, Truck",0.3789205253124237,0.09767372207151731,9.77,13
Candidate_017,Food Service Supervisor,0.4261137545108795,0.36323109771313117,36.32,6
Candidate_017,Information Technology (IT) Analyst,0.5100600123405457,0.835598602603215,83.56,2
Candidate_017,Inside Sales Representative,0.40552371740341187,0.24737048992065855,24.74,10
Candidate_017,Licensed Practical Nurse (L.P.N.),0.3900345265865326,0.16021246038965045,16.02,12
Candidate_017,Office Administrator,0.4402604401111603,0.4428348198114802,44.28,4
Candidate_017,Office Manager,0.4317367970943451,0.394872086408921,39.49,5
Candidate_017,Restaurant Manager,0.37773922085762024,0.09102649499722291,9.1,14
Candidate_017,Retail Sales Associate,0.40254247188568115,0.2305949534871865,23.06,11
Candidate_017,Secondary School Teacher,0.42579084634780884,0.3614140861245046,36.14,7
Candidate_017,Software Developer,0.5392764210700989,1.0,100.0,1
Candidate_018,Administrative Assistant,0.416479229927063,0.44704499539019854,44.7,6
Candidate_018,Bookkeeper,0.40535968542099,0.3801724051406097,38.02,9
Candidate_018,Continuing Care Assistant,0.38994458317756653,0.2874664660244011,28.75,11
Candidate_018,Delivery Driver,0.34214478731155396,0.0,0.0,15
Candidate_018,"Driver, Truck",0.364439994096756,0.13408267101789864,13.41,14
Candidate_018,Food Service Supervisor,0.43658238649368286,0.567944745471569,56.79,3
Candidate_018,Information Technology (IT) Analyst,0.5084243416786194,1.0,100.0,1
Candidate_018,Inside Sales Representative,0.4062611162662506,0.38559358183723885,38.56,8
Candidate_018,Licensed Practical Nurse (L.P.N.),0.3868527114391327,0.26887204682353855,26.89,12
Candidate_018,Office Administrator,0.4249130189418793,0.49776553675151664,49.78,4
Candidate_018,Office Manager,0.42197418212890625,0.48009146476978953,48.01,5
Candidate_018,Restaurant Manager,0.3734278380870819,0.18813528154201084,18.81,13
Candidate_018,Retail Sales Associate,0.4022875428199768,0.3616966363504711,36.17,10
Candidate_018,Secondary School Teacher,0.4087374806404114,0.40048635914583175,40.05,7
Candidate_018,Software Developer,0.5064906477928162,0.9883708259072276,98.84,2
Candidate_019,Administrative Assistant,0.4918837547302246,0.6006696064214553,60.07,3
Candidate_019,Bookkeeper,0.48872044682502747,0.5796939145336845,57.97,4
Candidate_019,Continuing Care Assistant,0.4608970284461975,0.39519861130378797,39.52,10
Candidate_019,Delivery Driver,0.40129780769348145,0.0,0.0,15
Candidate_019,"Driver, Truck",0.4203358292579651,0.12623990027441137,12.62,14
Candidate_019,Food Service Supervisor,0.47528356313705444,0.49059480037294334,49.06,7
Candidate_019,Information Technology (IT) Analyst,0.536400318145752,0.8958560840237093,89.59,2
Candidate_019,Inside Sales Representative,0.458787202835083,0.3812084929586984,38.12,12
Candidate_019,Licensed Practical Nurse (L.P.N.),0.44338569045066833,0.27908205188402396,27.91,13
Candidate_019,Office Administrator,0.486266553401947,0.5634223045891082,56.34,5
Candidate_019,Office Manager,0.4725610315799713,0.4725418681868969,47.25,8
Candidate_019,Restaurant Manager,0.4624530076980591,0.40551620995335047,40.55,9
Candidate_019,Retail Sales Associate,0.4589310586452484,0.3821623916118575,38.22,11
Candidate_019,Secondary School Teacher,0.48202791810035706,0.5353161856859474,53.53,6
Candidate_019,Software Developer,0.5521060824394226,1.0,100.0,1
Candidate_020,Administrative Assistant,0.4861774146556854,0.5406863266509916,54.07,3
Candidate_020,Bookkeeper,0.4633236825466156,0.39808548716182596,39.81,7
Candidate_020,Continuing Care Assistant,0.4496336579322815,0.3126635966227037,31.27,9
Candidate_020,Delivery Driver,0.3995250463485718,0.0,0.0,15
Candidate_020,"Driver, Truck",0.4199323058128357,0.1273355405317955,12.73,14
Candidate_020,Food Service Supervisor,0.46611639857292175,0.41551124711671994,41.55,6
Candidate_020,Information Technology (IT) Analyst,0.5150970220565796,0.7211365162910437,72.11,2
Candidate_020,Inside Sales Representative,0.43070200085639954,0.19453539860858723,19.45,11
Candidate_020,Licensed Practical Nurse (L.P.N.),0.422485888004303,0.14326917283613597,14.33,13
Candidate_020,Office Administrator,0.4752272665500641,0.47236049238724803,47.24,4
Candidate_020,Office Manager,0.46285900473594666,0.39518602874614417,39.52,8
Candidate_020,Restaurant Manager,0.434066504240036,0.21552895032613328,21.55,10
Candidate_020,Retail Sales Associate,0.4241342544555664,0.15355451435559203,15.36,12
Candidate_020,Secondary School Teacher,0.47402092814445496,0.4648332811410983,46.48,5
Candidate_020,Software Developer,0.559788703918457,1.0,100.0,1
Candidate_021,Administrative Assistant,0.44408002495765686,0.5306744140015363,53.07,3
Candidate_021,Bookkeeper,0.4354056417942047,0.47194715143600974,47.19,7
Candidate_021,Continuing Care Assistant,0.41441208124160767,0.3298166599040918,32.98,9
Candidate_021,Delivery Driver,0.36569610238075256,0.0,0.0,15
Candidate_021,"Driver, Truck",0.39710554480552673,0.212648039354352,21.26,13
Candidate_021,Food Service Supervisor,0.4369829297065735,0.4826256976364347,48.26,5
Candidate_021,Information Technology (IT) Analyst,0.47486448287963867,0.7390911866129669,73.91,2
Candidate_021,Inside Sales Representative,0.4050852954387665,0.2666725044736904,26.67,11
Candidate_021,Licensed Practical Nurse (L.P.N.),0.395702600479126,0.2031498331685229,20.31,14
Candidate_021,Office Administrator,0.4364844262599945,0.479250732264786,47.93,6
Candidate_021,Office Manager,0.42977455258369446,0.4338235813372304,43.38,8
Candidate_021,Restaurant Manager,0.40783554315567017,0.28529221687829726,28.53,10
Candidate_021,Retail Sales Associate,0.4029863774776459,0.2524624213030994,25.25,12
Candidate_021,Secondary School Teacher,0.4378003478050232,0.48815977728093646,48.82,4
Candidate_021,Software Developer,0.5134023427963257,1.0,100.0,1
Candidate_022,Administrative Assistant,0.49176648259162903,0.5811353737260412,58.11,3
Candidate_022,Bookkeeper,0.4685722291469574,0.44762465969152226,44.76,8
Candidate_022,Continuing Care Assistant,0.4669053256511688,0.43802963321307814,43.8,9
Candidate_022,Delivery Driver,0.3908082842826843,0.0,0.0,15
Candidate_022,"Driver, Truck",0.4217700958251953,0.17822231600183214,17.82,14
Candidate_022,Food Service Supervisor,0.4737532138824463,0.4774474333835969,47.74,6
Candidate_022,Information Technology (IT) Analyst,0.5448817014694214,0.8868770875255392,88.69,2
Candidate_022,Inside Sales Representative,0.4376605153083801,0.26969071599016686,26.97,13
Candidate_022,Licensed Practical Nurse (L.P.N.),0.44093814492225647,0.2885574008409286,28.86,11
Candidate_022,Office Administrator,0.48315852880477905,0.5315862878199157,53.16,4
Candidate_022,Office Manager,0.473161518573761,0.4740415180631537,47.4,7
Candidate_022,Restaurant Manager,0.4421839714050293,0.2957286246819928,29.57,10
Candidate_022,Retail Sales Associate,0.43819478154182434,0.27276605818567334,27.28,12
Candidate_022,Secondary School Teacher,0.47830671072006226,0.5036582625268687,50.37,5
Candidate_022,Software Developer,0.564534068107605,1.0,100.0,1
Candidate_023,Administrative Assistant,0.4512091279029846,0.40435792531197395,40.44,4
Candidate_023,Bookkeeper,0.4349319636821747,0.29409737601489705,29.41,7
Candidate_023,Continuing Care Assistant,0.4343760907649994,0.29033192569715943,29.03,8
Candidate_023,Delivery Driver,0.39151597023010254,0.0,0.0,15
Candidate_023,"Driver, Truck",0.4173167943954468,0.17477325940787225,17.48,12
Candidate_023,Food Service Supervisor,0.4492766559123993,0.3912674741564378,39.13,5
Candidate_023,Information Technology (IT) Analyst,0.4827418029308319,0.6179584040078668,61.8,2
Candidate_023,Inside Sales Representative,0.4350931644439697,0.2951893404567072,29.52,6
Candidate_023,Licensed Practical Nurse (L.P.N.),0.4018797278404236,0.0702034820927118,7.02,14
Candidate_023,Office Administrator,0.43284621834754944,0.2799686602773255,28.0,9
Candidate_023,Office Manager,0.4228193759918213,0.21204742222503956,21.2,11
Candidate_023,Restaurant Manager,0.40886715054512024,0.11753587090069201,11.75,13
Candidate_023,Retail Sales Associate,0.43284398317337036,0.27995351933941903,28.0,10
Candidate_023,Secondary School Teacher,0.45438534021377563,0.42587339995615187,42.59,3
Candidate_023,Software Developer,0.539140522480011,1.0,100.0,1
Candidate_024,Administrative Assistant,0.4825176000595093,0.5141979582945674,51.42,3
Candidate_024,Bookkeeper,0.4731977880001068,0.44728211979933874,44.73,5
Candidate_024,Continuing Care Assistant,0.44694510102272034,0.2587889881087392,25.88,9
Candidate_024,Delivery Driver,0.41090184450149536,0.0,0.0,15
Candidate_024,"Driver, Truck",0.43311938643455505,0.15952096869310825,15.95,12
Candidate_024,Food Service Supervisor,0.47109273076057434,0.43216790189816806,43.22,6
Candidate_024,Information Technology (IT) Analyst,0.502112865447998,0.6548910973460569,65.49,2
Candidate_024,Inside Sales Representative,0.4336245059967041,0.16314770481462113,16.31,11
Candidate_024,Licensed Practical Nurse (L.P.N.),0.41988518834114075,0.06450001155488527,6.45,14
Candidate_024,Office Administrator,0.4773111343383789,0.47681576462955466,47.68,4
Candidate_024,Office Manager,0.4664445221424103,0.39879396954816976,39.88,7
Candidate_024,Restaurant Manager,0.44277918338775635,0.2288778836928044,22.89,10
Candidate_024,Retail Sales Associate,0.43107765913009644,0.1448614569255275,14.49,13
Candidate_024,Secondary School Teacher,0.4641026258468628,0.38197925769705143,38.2,8
Candidate_024,Software Developer,0.5501784682273865,1.0,100.0,1
Candidate_025,Administrative Assistant,0.45060989260673523,0.4435677517800166,44.36,3
Candidate_025,Bookkeeper,0.4321112334728241,0.3272250371729061,32.72,8
Candidate_025,Continuing Care Assistant,0.4273860454559326,0.29750714265230394,29.75,10
Candidate_025,Delivery Driver,0.3954509496688843,0.09665930237331176,9.67,14
Candidate_025,"Driver, Truck",0.404514342546463,0.15366125712554893,15.37,13
Candidate_025,Food Service Supervisor,0.4148605465888977,0.21873113356698892,21.87,11
Candidate_025,Information Technology (IT) Analyst,0.537418782711029,0.989530670154444,98.95,2
Candidate_025,Inside Sales Representative,0.43816328048706055,0.3652878812671233,36.53,6
Candidate_025,Licensed Practical Nurse (L.P.N.),0.40914008021354675,0.18275368341185894,18.28,12
Candidate_025,Office Administrator,0.4419683814048767,0.3892191168733411,38.92,5
Candidate_025,Office Manager,0.4284510910511017,0.3042054819657284,30.42,9
Candidate_025,Restaurant Manager,0.38008198142051697,0.0,0.0,15
Candidate_025,Retail Sales Associate,0.433780699968338,0.3377247313738578,33.77,7
Candidate_025,Secondary School Teacher,0.4421823024749756,0.39056452022537846,39.06,4
Candidate_025,Software Developer,0.5390834212303162,1.0,100.0,1
Candidate_026,Administrative Assistant,0.4637817144393921,0.489619545967909,48.96,7
Candidate_026,Bookkeeper,0.47530508041381836,0.5757524319965427,57.58,4
Candidate_026,Continuing Care Assistant,0.4442509114742279,0.34363403881838495,34.36,9
Candidate_026,Delivery Driver,0.39827752113342285,0.0,0.0,15
Candidate_026,"Driver, Truck",0.42452922463417053,0.19622174551303043,19.62,12
Candidate_026,Food Service Supervisor,0.4875932037830353,0.667601595861986,66.76,3
Candidate_026,Information Technology (IT) Analyst,0.4977825880050659,0.7437634631363456,74.38,2
Candidate_026,Inside Sales Representative,0.4291931092739105,0.23108255311186404,23.11,11
Candidate_026,Licensed Practical Nurse (L.P.N.),0.42196929454803467,0.17708721773358194,17.71,14
Candidate_026,Office Administrator,0.4640820622444153,0.49186453439545924,49.19,6
Candidate_026,Office Manager,0.4671739339828491,0.5149751287003437,51.5,5
Candidate_026,Restaurant Manager,0.4363439083099365,0.28453212329392685,28.45,10
Candidate_026,Retail Sales Associate,0.42322006821632385,0.18643628692547076,18.64,13
Candidate_026,Secondary School Teacher,0.4592883288860321,0.4560331557925736,45.6,8
Candidate_026,Software Developer,0.5320634245872498,1.0,100.0,1
Candidate_027,Administrative Assistant,0.4438432455062866,0.5073880397225627,50.74,3
Candidate_027,Bookkeeper,0.4381104111671448,0.47291768882606705,47.29,5
Candidate_027,Continuing Care Assistant,0.42025643587112427,0.3655654164694026,36.56,9
Candidate_027,Delivery Driver,0.3594585061073303,0.0,0.0,15
Candidate_027,"Driver, Truck",0.3872408866882324,0.1670497263151406,16.7,14
Candidate_027,Food Service Supervisor,0.42958056926727295,0.4216295081485442,42.16,7
Candidate_027,Information Technology (IT) Analyst,0.4889688193798065,0.7787188115199589,77.87,2
Candidate_027,Inside Sales Representative,0.4100944995880127,0.3044637887675419,30.45,11
Candidate_027,Licensed Practical Nurse (L.P.N.),0.39600497484207153,0.2197463814213263,21.97,12
Candidate_027,Office Administrator,0.43156805634498596,0.4335798581705673,43.36,6
Candidate_027,Office Manager,0.4251366853713989,0.39490935051409315,39.49,8
Candidate_027,Restaurant Manager,0.39430293440818787,0.20951236321580874,20.95,13
Candidate_027,Retail Sales Associate,0.4106568992137909,0.3078453817628724,30.78,10
Candidate_027,Secondary School Teacher,0.4410010576248169,0.49029854998811934,49.03,4
Candidate_027,Software Developer,0.5257705450057983,1.0,100.0,1
Candidate_028,Administrative Assistant,0.5250725746154785,0.5482543702708914,54.83,3
Candidate_028,Bookkeeper,0.4922608435153961,0.3415182494580819,34.15,6
Candidate_028,Continuing Care Assistant,0.4917476177215576,0.338284579482072,33.83,7
Candidate_028,Delivery Driver,0.43805742263793945,0.0,0.0,15
Candidate_028,"Driver, Truck",0.454097718000412,0.10106472071877193,10.11,13
Candidate_028,Food Service Supervisor,0.4881106913089752,0.3153694807350558,31.54,8
Candidate_028,Information Technology (IT) Analyst,0.5546729564666748,0.7347568166010957,73.48,2
Candidate_028,Inside Sales Representative,0.47408923506736755,0.22702481331428545,22.7,10
Candidate_028,Licensed Practical Nurse (L.P.N.),0.4425754249095917,0.028466473183504058,2.85,14
Candidate_028,Office Administrator,0.50572270154953,0.4263370693009219,42.63,5
Candidate_028,Office Manager,0.4874439835548401,0.31116877049562036,31.12,9
Candidate_028,Restaurant Manager,0.4608982801437378,0.1439128664800936,14.39,12
Candidate_028,Retail Sales Associate,0.4669405519962311,0.18198327001566794,18.2,11
Candidate_028,Secondary School Teacher,0.5092113018035889,0.4483176128263714,44.83,4
Candidate_028,Software Developer,0.5967705249786377,1.0,100.0,1
Candidate_029,Administrative Assistant,0.47319984436035156,0.4844576405510844,48.45,3
Candidate_029,Bookkeeper,0.45950445532798767,0.379290829288186,37.93,6
Candidate_029,Continuing Care Assistant,0.4481014311313629,0.2917270740214466,29.17,8
Candidate_029,Delivery Driver,0.4101111590862274,0.0,0.0,15
Candidate_029,"Driver, Truck",0.4381267726421356,0.21513173056172374,21.51,12
Candidate_029,Food Service Supervisor,0.44508084654808044,0.268532022897086,26.85,9
Candidate_029,Information Technology (IT) Analyst,0.49829575419425964,0.677168983524726,67.72,2
Candidate_029,Inside Sales Representative,0.4427960216999054,0.25098686642077295,25.1,11
Candidate_029,Licensed Practical Nurse (L.P.N.),0.4347776770591736,0.18941404541656645,18.94,13
Candidate_029,Office Administrator,0.46218639612197876,0.3998854367603365,39.99,5
Candidate_029,Office Manager,0.45604005455970764,0.3526877163079147,35.27,7
Candidate_029,Restaurant Manager,0.4196406900882721,0.0731772121220998,7.32,14
Candidate_029,Retail Sales Associate,0.4443137049674988,0.26264114724351373,26.26,10
Candidate_029,Secondary School Teacher,0.4689365029335022,0.4517194669857167,45.17,4
Candidate_029,Software Developer,0.540336549282074,1.0,100.0,1
Candidate_030,Administrative Assistant,0.44455915689468384,0.4596495976180305,45.96,4
Candidate_030,Bookkeeper,0.4209308922290802,0.30233718654653907,30.23,9
Candidate_030,Continuing Care Assistant,0.42064937949180603,0.30046292925025936,30.05,10
Candidate_030,Delivery Driver,0.3755199611186981,0.0,0.0,15
Candidate_030,"Driver, Truck",0.3984883427619934,0.1529190376801909,15.29,12
Candidate_030,Food Service Supervisor,0.4284321665763855,0.35227921870098455,35.23,5
Candidate_030,Information Technology (IT) Analyst,0.4837513864040375,0.7205838730140085,72.06,2
Candidate_030,Inside Sales Representative,0.4257344901561737,0.3343186114384458,33.43,7
Candidate_030,Licensed Practical Nurse (L.P.N.),0.390867680311203,0.1021821426495125,10.22,14
Candidate_030,Office Administrator,0.4273903965950012,0.3453433158798166,34.53,6
Candidate_030,Office Manager,0.4109121561050415,0.2356343813313973,23.56,11
Candidate_030,Restaurant Manager,0.3934914469718933,0.1196506730440887,11.97,13
Candidate_030,Retail Sales Associate,0.42124104499816895,0.3044021236291542,30.44,8
Candidate_030,Secondary School Teacher,0.4578202962875366,0.5479396959798312,54.79,3
Candidate_030,Software Developer,0.5257195830345154,1.0,100.0,1
Candidate_031,Administrative Assistant,0.47694677114486694,0.5599831659431824,56.0,3
Candidate_031,Bookkeeper,0.43717333674430847,0.33745630998675086,33.75,12
Candidate_031,Continuing Care Assistant,0.4675127863883972,0.5072013280496804,50.72,4
Candidate_031,Delivery Driver,0.3768579363822937,0.0,0.0,15
Candidate_031,"Driver, Truck",0.41078031063079834,0.18979098490904173,18.98,14
Candidate_031,Food Service Supervisor,0.46450868248939514,0.49039378287068025,49.04,6
Candidate_031,Information Technology (IT) Analyst,0.551795244216919,0.9787500045853463,97.88,2
Candidate_031,Inside Sales Representative,0.44710633158683777,0.39303004018764237,39.3,11
Candidate_031,Licensed Practical Nurse (L.P.N.),0.4516049027442932,0.4181989226603812,41.82,9
Candidate_031,Office Administrator,0.46280792355537415,0.4808782722281748,48.09,7
Candidate_031,Office Manager,0.4558201730251312,0.441782775971985,44.18,8
Candidate_031,Restaurant Manager,0.435202419757843,0.3264293024637816,32.64,13
Candidate_031,Retail Sales Associate,0.44969528913497925,0.40751489904067884,40.75,10
Candidate_031,Secondary School Teacher,0.46583542227745056,0.49781670820156715,49.78,5
Candidate_031,Software Developer,0.5555933713912964,1.0,100.0,1
Candidate_032,Administrative Assistant,0.4880431890487671,0.41350258489917474,41.35,7
Candidate_032,Bookkeeper,0.5037834644317627,0.516948692762772,51.69,4
Candidate_032,Continuing Care Assistant,0.4652130603790283,0.26346150267891333,26.35,12
Candidate_032,Delivery Driver,0.42512497305870056,0.0,0.0,15
Candidate_032,"Driver, Truck",0.4398294985294342,0.09663909245017495,9.66,14
Candidate_032,Food Service Supervisor,0.512231171131134,0.5724675675702143,57.25,3
Candidate_032,Information Technology (IT) Analyst,0.5626416206359863,0.9037683021536093,90.38,2
Candidate_032,Inside Sales Representative,0.47497302293777466,0.32760460786800416,32.76,9
Candidate_032,Licensed Practical Nurse (L.P.N.),0.4503200352191925,0.16558357808021168,16.56,13
Candidate_032,Office Administrator,0.4971356987953186,0.4732591470371346,47.33,6
Candidate_032,Office Manager,0.5024478435516357,0.5081709059535433,50.82,5
Candidate_032,Restaurant Manager,0.46611925959587097,0.2694171025429845,26.94,10
Candidate_032,Retail Sales Associate,0.46577492356300354,0.26715410386407906,26.72,11
Candidate_032,Secondary School Teacher,0.48221707344055176,0.3752129763015817,37.52,8
Candidate_032,Software Developer,0.5772841572761536,1.0,100.0,1
Candidate_033,Administrative Assistant,0.5070410966873169,0.547006340348158,54.7,3
Candidate_033,Bookkeeper,0.49965888261795044,0.49445699512005126,49.45,6
Candidate_033,Continuing Care Assistant,0.4864594340324402,0.40049841114740425,40.05,9
Candidate_033,Delivery Driver,0.4301967918872833,0.0,0.0,15
Candidate_033,"Driver, Truck",0.45858776569366455,0.20209751029906153,20.21,12
Candidate_033,Food Service Supervisor,0.5033009648323059,0.5203826908304356,52.04,5
Candidate_033,Information Technology (IT) Analyst,0.5407754182815552,0.787139787418969,78.71,2
Candidate_033,Inside Sales Representative,0.45735639333724976,0.19333214391255932,19.33,13
Candidate_033,Licensed Practical Nurse (L.P.N.),0.4707631468772888,0.2887664016492924,28.88,10
Candidate_033,Office Administrator,0.5036972761154175,0.5232037819337733,52.32,4
Candidate_033,Office Manager,0.4980473816394806,0.4829857318300243,48.3,7
Candidate_033,Restaurant Manager,0.4671226739883423,0.26285216171568504,26.29,11
Candidate_033,Retail Sales Associate,0.4553872048854828,0.17931472816184213,17.93,14
Candidate_033,Secondary School Teacher,0.4904222786426544,0.4287074128846516,42.87,8
Candidate_033,Software Developer,0.5706783533096313,1.0,100.0,1
Candidate_034,Administrative Assistant,0.5073021054267883,0.579553601197418,57.96,3
Candidate_034,Bookkeeper,0.4844115674495697,0.4421683811818779,44.22,8
Candidate_034,Continuing Care Assistant,0.47912701964378357,0.4104513999688053,41.05,9
Candidate_034,Delivery Driver,0.41073936223983765,0.0,0.0,15
Candidate_034,"Driver, Truck",0.44092079997062683,0.18114399352066363,18.11,14
Candidate_034,Food Service Supervisor,0.4877152740955353,0.46199668162962176,46.2,6
Candidate_034,Information Technology (IT) Analyst,0.5555148720741272,0.8689186462651519,86.89,2
Candidate_034,Inside Sales Representative,0.4579152464866638,0.2831418485283407,28.31,12
Candidate_034,Licensed Practical Nurse (L.P.N.),0.45205366611480713,0.247961613366207,24.8,13
Candidate_034,Office Administrator,0.4962695240974426,0.5133378742110106,51.33,4
Candidate_034,Office Manager,0.48765501379966736,0.46163500930832224,46.16,7
Candidate_034,Restaurant Manager,0.4579247832298279,0.2831990864822555,28.32,11
Candidate_034,Retail Sales Associate,0.45966434478759766,0.29363964701353823,29.36,10
Candidate_034,Secondary School Teacher,0.4920090436935425,0.48776717603675823,48.78,5
Candidate_034,Software Developer,0.5773550868034363,1.0,100.0,1
Candidate_035,Administrative Assistant,0.4939607083797455,0.5190446362692123,51.9,4
Candidate_035,Bookkeeper,0.4839824140071869,0.4610940404260515,46.11,7
Candidate_035,Continuing Care Assistant,0.48251762986183167,0.4525870640996772,45.26,8
Candidate_035,Delivery Driver,0.40458837151527405,0.0,0.0,15
Candidate_035,"Driver, Truck",0.43257462978363037,0.1625348262456576,16.25,14
Candidate_035,Food Service Supervisor,0.5036618709564209,0.5753857433461685,57.54,3
Candidate_035,Information Technology (IT) Analyst,0.5652668476104736,0.9331668400659027,93.32,2
Candidate_035,Inside Sales Representative,0.465582013130188,0.35423066731214686,35.42,11
Candidate_035,Licensed Practical Nurse (L.P.N.),0.4638819396495819,0.3443572092340588,34.44,12
Candidate_035,Office Administrator,0.489124596118927,0.490958114002483,49.1,5
Candidate_035,Office Manager,0.48709118366241455,0.47914873465866775,47.91,6
Candidate_035,Restaurant Manager,0.46323809027671814,0.3406179474526755,34.06,13
Candidate_035,Retail Sales Associate,0.4667014181613922,0.360731797277456,36.07,10
Candidate_035,Secondary School Teacher,0.48186174035072327,0.448777877222956,44.88,9
Candidate_035,Software Developer,0.5767745971679688,1.0,100.0,1
Candidate_036,Administrative Assistant,0.48336872458457947,0.602512544305148,60.25,3
Candidate_036,Bookkeeper,0.45711684226989746,0.41604841263524395,41.6,8
Candidate_036,Continuing Care Assistant,0.43688032031059265,0.2723107008045629,27.23,9
Candidate_036,Delivery Driver,0.39854228496551514,0.0,0.0,15
Candidate_036,"Driver, Truck",0.42747730016708374,0.20552211912813903,20.55,12
Candidate_036,Food Service Supervisor,0.4826592803001404,0.5974734423131309,59.75,4
Candidate_036,Information Technology (IT) Analyst,0.5292165875434875,0.9281646957614389,92.82,2
Candidate_036,Inside Sales Representative,0.43077200651168823,0.2289240432374214,22.89,10
Candidate_036,Licensed Practical Nurse (L.P.N.),0.4122953712940216,0.09768660659399465,9.77,14
Candidate_036,Office Administrator,0.4780617952346802,0.5648180292528285,56.48,5
Candidate_036,Office Manager,0.46480992436408997,0.47069149900001184,47.07,7
Candidate_036,Restaurant Manager,0.42863625288009644,0.21375402831803858,21.38,11
Candidate_036,Retail Sales Associate,0.42257368564605713,0.17069230339352454,17.07,13
Candidate_036,Secondary School Teacher,0.4754925072193146,0.5465686689573536,54.66,6
Candidate_036,Software Developer,0.5393301248550415,1.0,100.0,1
Candidate_037,Administrative Assistant,0.4481714963912964,0.5777506070495959,57.78,3
Candidate_037,Bookkeeper,0.4322164058685303,0.4756319896539293,47.56,7
Candidate_037,Continuing Care Assistant,0.4162742495536804,0.3735961560837528,37.36,9
Candidate_037,Delivery Driver,0.35790330171585083,0.0,0.0,15
Candidate_037,"Driver, Truck",0.3776058852672577,0.12610399098152242,12.61,14
Candidate_037,Food Service Supervisor,0.43238794803619385,0.47672992444545326,47.67,6
Candidate_037,Information Technology (IT) Analyst,0.5111807584762573,0.9810337296402337,98.1,2
Candidate_037,Inside Sales Representative,0.40173783898353577,0.28055762727059436,28.06,11
Candidate_037,Licensed Practical Nurse (L.P.N.),0.39633435010910034,0.2459732535760133,24.6,12
Candidate_037,Office Administrator,0.44485965371131897,0.5565535605628538,55.66,4
Candidate_037,Office Manager,0.4316869080066681,0.4722430029546577,47.22,8
Candidate_037,Restaurant Manager,0.3886988162994385,0.19710294760012742,19.71,13
Candidate_037,Retail Sales Associate,0.4019608199596405,0.28198478990266224,28.2,10
Candidate_037,Secondary School Teacher,0.4331240653991699,0.48144135414500905,48.14,5
Candidate_037,Software Developer,0.5141440629959106,1.0,100.0,1
Candidate_038,Administrative Assistant,0.46073970198631287,0.4706945394158445,47.07,3
Candidate_038,Bookkeeper,0.4336682856082916,0.3081787640252034,30.82,9
Candidate_038,Continuing Care Assistant,0.4442247450351715,0.37155155417341607,37.16,7
Candidate_038,Delivery Driver,0.3823327422142029,0.0,0.0,15
Candidate_038,"Driver, Truck",0.39749228954315186,0.09100615772492299,9.1,14
Candidate_038,Food Service Supervisor,0.44881775975227356,0.39912445016479403,39.91,4
Candidate_038,Information Technology (IT) Analyst,0.5156412124633789,0.8002806024687436,80.03,2
Candidate_038,Inside Sales Representative,0.41895073652267456,0.2198260207442585,21.98,10
Candidate_038,Licensed Practical Nurse (L.P.N.),0.40970826148986816,0.1643413731916223,16.43,12
Candidate_038,Office Administrator,0.4474916458129883,0.39116349119279664,39.12,5
Candidate_038,Office Manager,0.44121524691581726,0.35348486296029524,35.35,8
Candidate_038,Restaurant Manager,0.40391311049461365,0.1295517838938763,12.96,13
Candidate_038,Retail Sales Associate,0.4122307002544403,0.1794841380169113,17.95,11
Candidate_038,Secondary School Teacher,0.4453200101852417,0.37812667616321033,37.81,6
Candidate_038,Software Developer,0.5489099025726318,1.0,100.0,1
Candidate_039,Administrative Assistant,0.4621957540512085,0.3882750540546264,38.83,7
Candidate_039,Bookkeeper,0.4570354223251343,0.3552399647655223,35.52,10
Candidate_039,Continuing Care Assistant,0.4428243339061737,0.26426430666129663,26.43,11
Candidate_039,Delivery Driver,0.4015442430973053,0.0,0.0,15
Candidate_039,"Driver, Truck",0.42343565821647644,0.1401430938000636,14.01,14
Candidate_039,Food Service Supervisor,0.4818176329135895,0.513889172419043,51.39,3
Candidate_039,Information Technology (IT) Analyst,0.5390428900718689,0.8802302489555862,88.02,2
Candidate_039,Inside Sales Representative,0.4599860608577728,0.3741291782036941,37.41,8
Candidate_039,Licensed Practical Nurse (L.P.N.),0.4360825717449188,0.22110531480082732,22.11,12
Candidate_039,Office Administrator,0.46587127447128296,0.41180477107796554,41.18,5
Candidate_039,Office Manager,0.46585533022880554,0.4117027002224763,41.17,6
Candidate_039,Restaurant Manager,0.4293583929538727,0.1780588870613648,17.81,13
Candidate_039,Retail Sales Associate,0.4577069878578186,0.3595391510413994,35.95,9
Candidate_039,Secondary School Teacher,0.4687007665634155,0.42991843680106506,42.99,4
Candidate_039,Software Developer,0.5577518343925476,1.0,100.0,1
Candidate_040,Administrative Assistant,0.47951585054397583,0.5027811900762866,50.28,4
Candidate_040,Bookkeeper,0.4814987778663635,0.5150739633792267,51.51,3
Candidate_040,Continuing Care Assistant,0.4515277147293091,0.32927417100545375,32.93,9
Candidate_040,Delivery Driver,0.3984130322933197,0.0,0.0,15
Candidate_040,"Driver, Truck",0.4180959463119507,0.1220204075260535,12.2,14
Candidate_040,Food Service Supervisor,0.45377203822135925,0.34318741915870177,34.32,8
Candidate_040,Information Technology (IT) Analyst,0.5205582976341248,0.7572158797297645,75.72,2
Candidate_040,Inside Sales Representative,0.4363155961036682,0.2349695923095157,23.5,12
Candidate_040,Licensed Practical Nurse (L.P.N.),0.43792951107025146,0.24497474509067804,24.5,11
Candidate_040,Office Administrator,0.4759189188480377,0.4804827097310337,48.05,5
Candidate_040,Office Manager,0.4681234657764435,0.4321563105126158,43.22,7
Candidate_040,Restaurant Manager,0.44320356845855713,0.27767024085048786,27.77,10
Candidate_040,Retail Sales Associate,0.4316231906414032,0.20587993484105915,20.59,13
Candidate_040,Secondary School Teacher,0.473807156085968,0.4673912461102414,46.74,6
Candidate_040,Software Developer,0.5597214102745056,1.0,100.0,1
Candidate_041,Administrative Assistant,0.5202568769454956,0.7492095908349041,74.92,3
Candidate_041,Bookkeeper,0.4959425628185272,0.5828269065619409,58.28,5
Candidate_041,Continuing Care Assistant,0.4812876582145691,0.48254349519208123,48.25,9
Candidate_041,Delivery Driver,0.4107712209224701,0.0,0.0,15
Candidate_041,"Driver, Truck",0.43829265236854553,0.18832896602061436,18.83,14
Candidate_041,Food Service Supervisor,0.4903075397014618,0.5442664821443903,54.43,7
Candidate_041,Information Technology (IT) Analyst,0.5472198724746704,0.9337171837185603,93.37,2
Candidate_041,Inside Sales Representative,0.44686055183410645,0.24695904311087263,24.7,11
Candidate_041,Licensed Practical Nurse (L.P.N.),0.4414423108100891,0.20988205706445207,20.99,13
Candidate_041,Office Administrator,0.513043224811554,0.6998466189168371,69.98,4
Candidate_041,Office Manager,0.4888598322868347,0.5343598302672412,53.44,8
Candidate_041,Restaurant Manager,0.4552898705005646,0.30464081274639426,30.46,10
Candidate_041,Retail Sales Associate,0.44395506381988525,0.22707680862115484,22.71,12
Candidate_041,Secondary School Teacher,0.4925006031990051,0.5592736005684135,55.93,6
Candidate_041,Software Developer,0.5569061040878296,1.0,100.0,1
Candidate_042,Administrative Assistant,0.5210174322128296,0.5258159344707581,52.58,3
Candidate_042,Bookkeeper,0.4894654154777527,0.2943511943048012,29.44,8
Candidate_042,Continuing Care Assistant,0.5109438896179199,0.4519166988415722,45.19,4
Candidate_042,Delivery Driver,0.4493410587310791,0.0,0.0,15
Candidate_042,"Driver, Truck",0.45633018016815186,0.051272005558424455,5.13,13
Candidate_042,Food Service Supervisor,0.48742610216140747,0.27939084705194056,27.94,10
Candidate_042,Information Technology (IT) Analyst,0.5749974846839905,0.9218121373217681,92.18,2
Candidate_042,Inside Sales Representative,0.4875785708427429,0.28050935316852493,28.05,9
Candidate_042,Licensed Practical Nurse (L.P.N.),0.47305232286453247,0.17394519145125512,17.39,12
Candidate_042,Office Administrator,0.505580723285675,0.41257265589233655,41.26,5
Candidate_042,Office Manager,0.49612870812416077,0.34323292868014965,34.32,6
Candidate_042,Restaurant Manager,0.4521598517894745,0.020678589527931827,2.07,14
Candidate_042,Retail Sales Associate,0.480842262506485,0.23109197767010542,23.11,11
Candidate_042,Secondary School Teacher,0.4954308271408081,0.3381132926887392,33.81,7
Candidate_042,Software Developer,0.5856556296348572,1.0,100.0,1
Candidate_043,Administrative Assistant,0.5192685127258301,0.43455458255472407,43.46,3
Candidate_043,Bookkeeper,0.5050550699234009,0.3484639856514468,34.85,7
Candidate_043,Continuing Care Assistant,0.49343159794807434,0.27806080083873186,27.81,9
Candidate_043,Delivery Driver,0.44752413034439087,0.0,0.0,15
Candidate_043,"Driver, Truck",0.46491408348083496,0.10533066945473765,10.53,14
Candidate_043,Food Service Supervisor,0.5026654005050659,0.33398979600678147,33.4,8
Candidate_043,Information Technology (IT) Analyst,0.5747132301330566,0.7703823537056987,77.04,2
Candidate_043,Inside Sales Representative,0.4894337058067322,0.2538456317493509,25.38,11
Candidate_043,Licensed Practical Nurse (L.P.N.),0.47493499517440796,0.16602717213931498,16.6,12
Candidate_043,Office Administrator,0.5157071352005005,0.41298337554911807,41.3,4
Candidate_043,Office Manager,0.5053762793540955,0.35040954606237923,35.04,6
Candidate_043,Restaurant Manager,0.47073715925216675,0.14060094675034732,14.06,13
Candidate_043,Retail Sales Associate,0.48959845304489136,0.2548435031495767,25.48,10
Candidate_043,Secondary School Teacher,0.5144405961036682,0.40531196839159306,40.53,5
Candidate_043,Software Developer,0.6126227974891663,1.0,100.0,1
Candidate_044,Administrative Assistant,0.5323465466499329,0.6475515434957684,64.76,4
Candidate_044,Bookkeeper,0.5272988677024841,0.6129490941199208,61.29,6
Candidate_044,Continuing Care Assistant,0.49224042892456055,0.37261925824109593,37.26,9
Candidate_044,Delivery Driver,0.4378840923309326,0.0,0.0,15
Candidate_044,"Driver, Truck",0.46104153990745544,0.15874710253620272,15.87,14
Candidate_044,Food Service Supervisor,0.5305007100105286,0.634898110197806,63.49,5
Candidate_044,Information Technology (IT) Analyst,0.5748003125190735,0.9385772405725425,93.86,2
Candidate_044,Inside Sales Representative,0.4773223102092743,0.27035375106388454,27.04,12
Candidate_044,Licensed Practical Nurse (L.P.N.),0.4830651879310608,0.30972187207725427,30.97,11
Candidate_044,Office Administrator,0.5350756049156189,0.6662595678105613,66.63,3
Candidate_044,Office Manager,0.5230623483657837,0.5839072419331707,58.39,7
Candidate_044,Restaurant Manager,0.48814648389816284,0.3445547701866349,34.46,10
Candidate_044,Retail Sales Associate,0.47188109159469604,0.23305353969663303,23.31,13
Candidate_044,Secondary School Teacher,0.5111967325210571,0.5025670109369171,50.26,8
Candidate_044,Software Developer,0.5837604403495789,1.0,100.0,1
Candidate_045,Administrative Assistant,0.5037365555763245,0.627235597949905,62.72,3
Candidate_045,Bookkeeper,0.47599756717681885,0.4724530962620024,47.25,7
Candidate_045,Continuing Care Assistant,0.4746321141719818,0.46483392035760257,46.48,8
Candidate_045,Delivery Driver,0.39132797718048096,0.0,0.0,15
Candidate_045,"Driver, Truck",0.4038662016391754,0.06996281625308895,7.0,14
Candidate_045,Food Service Supervisor,0.4513106644153595,0.3347011165101823,33.47,11
Candidate_045,Information Technology (IT) Analyst,0.5564730763435364,0.9215033807941624,92.15,2
Candidate_045,Inside Sales Representative,0.45616114139556885,0.36176659382909443,36.18,9
Candidate_045,Licensed Practical Nurse (L.P.N.),0.4538653790950775,0.3489563273899205,34.9,10
Candidate_045,Office Administrator,0.49780550599098206,0.5941405665366233,59.41,4
Candidate_045,Office Manager,0.47999754548072815,0.4947728232707728,49.48,5
Candidate_045,Restaurant Manager,0.42982229590415955,0.21479683638818767,21.48,13
Candidate_045,Retail Sales Associate,0.4472777843475342,0.3121977989084342,31.22,12
Candidate_045,Secondary School Teacher,0.47784119844436646,0.48274048871017633,48.27,6
Candidate_045,Software Developer,0.5705406665802002,1.0,100.0,1
Candidate_046,Administrative Assistant,0.5169727802276611,0.6510348365426936,65.1,3
Candidate_046,Bookkeeper,0.4805609881877899,0.4216220976432645,42.16,7
Candidate_046,Continuing Care Assistant,0.4827270805835724,0.43526957724771637,43.53,6
Candidate_046,Delivery Driver,0.4136422276496887,0.0,0.0,15
Candidate_046,"Driver, Truck",0.43418726325035095,0.12944413399848884,12.94,13
Candidate_046,Food Service Supervisor,0.46734124422073364,0.33833101249945546,33.83,9
Candidate_046,Information Technology (IT) Analyst,0.5481593608856201,0.8475260962372448,84.75,2
Candidate_046,Inside Sales Representative,0.45397698879241943,0.254129431928966,25.41,11
Candidate_046,Licensed Practical Nurse (L.P.N.),0.45622360706329346,0.2682842653471712,26.83,10
Candidate_046,Office Administrator,0.5041776299476624,0.5704189067595601,57.04,4
Candidate_046,Office Manager,0.47947952151298523,0.41480830963679327,41.48,8
Candidate_046,Restaurant Manager,0.4318207800388336,0.11453409072132117,11.45,14
Candidate_046,Retail Sales Associate,0.45048272609710693,0.23211380648301286,23.21,12
Candidate_046,Secondary School Teacher,0.4968123733997345,0.5240140586953158,52.4,5
Candidate_046,Software Developer,0.5723596215248108,1.0,100.0,1
Candidate_047,Administrative Assistant,0.5254520177841187,0.6032394873234406,60.32,3
Candidate_047,Bookkeeper,0.5006067156791687,0.4363216774311872,43.63,7
Candidate_047,Continuing Care Assistant,0.4988517165184021,0.4245310936403167,42.45,8
Candidate_047,Delivery Driver,0.43566131591796875,0.0,0.0,15
Candidate_047,"Driver, Truck",0.4511883556842804,0.10431507175701883,10.43,14
Candidate_047,Food Service Supervisor,0.5075808167457581,0.48317567305116393,48.32,5
Candidate_047,Information Technology (IT) Analyst,0.5547192692756653,0.799865211570982,79.99,2
Candidate_047,Inside Sales Representative,0.4708830416202545,0.23662957648963037,23.66,10
Candidate_047,Licensed Practical Nurse (L.P.N.),0.45666390657424927,0.14110138084058166,14.11,13
Candidate_047,Office Administrator,0.5187963247299194,0.5585246473416526,55.85,4
Candidate_047,Office Manager,0.5014857649803162,0.44222738079172785,44.22,6
Candidate_047,Restaurant Manager,0.4608059525489807,0.1689288244214529,16.89,12
Candidate_047,Retail Sales Associate,0.47065094113349915,0.2350702593696178,23.51,11
Candidate_047,Secondary School Teacher,0.4971967041492462,0.4134122495692256,41.34,9
Candidate_047,Software Developer,0.5845088362693787,1.0,100.0,1
Candidate_048,Administrative Assistant,0.5169727802276611,0.6510348365426936,65.1,3
Candidate_048,Bookkeeper,0.4805609881877899,0.4216220976432645,42.16,7
Candidate_048,Continuing Care Assistant,0.4827270805835724,0.43526957724771637,43.53,6
Candidate_048,Delivery Driver,0.4136422276496887,0.0,0.0,15
Candidate_048,"Driver, Truck",0.43418726325035095,0.12944413399848884,12.94,13
Candidate_048,Food Service Supervisor,0.46734124422073364,0.33833101249945546,33.83,9
Candidate_048,Information Technology (IT) Analyst,0.5481593608856201,0.8475260962372448,84.75,2
Candidate_048,Inside Sales Representative,0.45397698879241943,0.254129431928966,25.41,11
Candidate_048,Licensed Practical Nurse (L.P.N.),0.45622360706329346,0.2682842653471712,26.83,10
Candidate_048,Office Administrator,0.5041776299476624,0.5704189067595601,57.04,4
Candidate_048,Office Manager,0.47947952151298523,0.41480830963679327,41.48,8
Candidate_048,Restaurant Manager,0.4318207800388336,0.11453409072132117,11.45,14
Candidate_048,Retail Sales Associate,0.45048272609710693,0.23211380648301286,23.21,12
Candidate_048,Secondary School Teacher,0.4968123733997345,0.5240140586953158,52.4,5
Candidate_048,Software Developer,0.5723596215248108,1.0,100.0,1
Candidate_049,Administrative Assistant,0.45249345898628235,0.4897916208493893,48.98,3
Candidate_049,Bookkeeper,0.438496857881546,0.3877299954885375,38.77,9
Candidate_049,Continuing Care Assistant,0.41715267300605774,0.23209062389440918,23.21,12
Candidate_049,Delivery Driver,0.38532406091690063,0.0,0.0,15
Candidate_049,"Driver, Truck",0.41280898451805115,0.20041694084594702,20.04,14
Candidate_049,Food Service Supervisor,0.4481981694698334,0.4584708576038136,45.85,4
Candidate_049,Information Technology (IT) Analyst,0.5060588717460632,0.8803845261182386,88.04,2
Candidate_049,Inside Sales Representative,0.44214457273483276,0.4143287178493102,41.43,8
Candidate_049,Licensed Practical Nurse (L.P.N.),0.41318702697753906,0.20317358351812365,20.32,13
Candidate_049,Office Administrator,0.4425480365753174,0.41727073034406204,41.73,7
Candidate_049,Office Manager,0.4379824995994568,0.38397935332227057,38.4,10
Candidate_049,Restaurant Manager,0.42471060156822205,0.2872021804532846,28.72,11
Candidate_049,Retail Sales Associate,0.44514745473861694,0.4362253923190395,43.62,5
Candidate_049,Secondary School Teacher,0.44258829951286316,0.41756432311111846,41.76,6
Candidate_049,Software Developer,0.522462785243988,1.0,100.0,1
Candidate_050,Administrative Assistant,0.45282796025276184,0.47704435800673956,47.7,3
Candidate_050,Bookkeeper,0.4432658553123474,0.41908081323223123,41.91,6
Candidate_050,Continuing Care Assistant,0.4297361671924591,0.3370665822643487,33.71,9
Candidate_050,Delivery Driver,0.37413111329078674,0.0,0.0,15
Candidate_050,"Driver, Truck",0.4047526717185974,0.18562168937237158,18.56,14
Candidate_050,Food Service Supervisor,0.45096555352211,0.46575482535747686,46.58,4
Candidate_050,Information Technology (IT) Analyst,0.5113330483436584,0.8316903605579585,83.17,2
Candidate_050,Inside Sales Representative,0.4161098599433899,0.2544666656911262,25.45,11
Candidate_050,Licensed Practical Nurse (L.P.N.),0.40883979201316833,0.2103969853630989,21.04,13
Candidate_050,Office Administrator,0.4424803555011749,0.414319272362414,41.43,7
Candidate_050,Office Manager,0.43751898407936096,0.38424444298715554,38.42,8
Candidate_050,Restaurant Manager,0.40903112292289734,0.21155679461241506,21.16,12
Candidate_050,Retail Sales Associate,0.41656556725502014,0.2572290711788666,25.72,10
Candidate_050,Secondary School Teacher,0.44961169362068176,0.4575480006568639,45.75,5
Candidate_050,Software Developer,0.5390986800193787,1.0,100.0,1
Candidate_051,Administrative Assistant,0.4823378920555115,0.5153194846019643,51.53,3
Candidate_051,Bookkeeper,0.45167380571365356,0.32648189048287274,32.65,7
Candidate_051,Continuing Care Assistant,0.4494553208351135,0.31281987093392494,31.28,8
Candidate_051,Delivery Driver,0.4028519093990326,0.02582367625785465,2.58,14
Candidate_051,"Driver, Truck",0.416980504989624,0.11283132324477736,11.28,13
Candidate_051,Food Service Supervisor,0.43208879232406616,0.20587217238957972,20.59,10
Candidate_051,Information Technology (IT) Analyst,0.5206995606422424,0.7515608361801992,75.16,2
Candidate_051,Inside Sales Representative,0.4374023973941803,0.23859476475228322,23.86,9
Candidate_051,Licensed Practical Nurse (L.P.N.),0.42629534006118774,0.17019455347183043,17.02,12
Candidate_051,Office Administrator,0.4789681136608124,0.4945674935700046,49.46,4
Candidate_051,Office Manager,0.4568690359592438,0.3584754992124701,35.85,6
Candidate_051,Restaurant Manager,0.3986585736274719,0.0,0.0,15
Candidate_051,Retail Sales Associate,0.42897358536720276,0.18668789993616805,18.67,11
Candidate_051,Secondary School Teacher,0.46723055839538574,0.42228450843708626,42.23,5
Candidate_051,Software Developer,0.5610419511795044,1.0,100.0,1
Candidate_052,Administrative Assistant,0.42723920941352844,0.48929884429338577,48.93,3
Candidate_052,Bookkeeper,0.40194711089134216,0.3137602598592071,31.38,8
Candidate_052,Continuing Care Assistant,0.39150452613830566,0.24128400630618593,24.13,9
Candidate_052,Delivery Driver,0.3567396402359009,0.0,0.0,15
Candidate_052,"Driver, Truck",0.3743646740913391,0.12232569357082607,12.23,13
Candidate_052,Food Service Supervisor,0.4140757918357849,0.3979387823401973,39.79,6
Candidate_052,Information Technology (IT) Analyst,0.4826410114765167,0.8738123673886955,87.38,2
Candidate_052,Inside Sales Representative,0.38673830032348633,0.20820424695394754,20.82,10
Candidate_052,Licensed Practical Nurse (L.P.N.),0.3826178014278412,0.17960612399986928,17.96,11
Candidate_052,Office Administrator,0.42318210005760193,0.4611406733686095,46.11,4
Candidate_052,Office Manager,0.4097151756286621,0.36767413681908273,36.77,7
Candidate_052,Restaurant Manager,0.3597165048122406,0.0206607843680721,2.07,14
Candidate_052,Retail Sales Associate,0.3791252076625824,0.15536594618230437,15.54,12
Candidate_052,Secondary School Teacher,0.42160195112228394,0.450173726238557,45.02,5
Candidate_052,Software Developer,0.5008224844932556,1.0,100.0,1
Candidate_053,Administrative Assistant,0.46631622314453125,0.5715391390920006,57.15,3
Candidate_053,Bookkeeper,0.4322608709335327,0.3831228896686885,38.31,8
Candidate_053,Continuing Care Assistant,0.4510675370693207,0.48717353860947904,48.72,5
Candidate_053,Delivery Driver,0.36301320791244507,0.0,0.0,15
Candidate_053,"Driver, Truck",0.38215863704681396,0.10592490510001475,10.59,14
Candidate_053,Food Service Supervisor,0.42907199263572693,0.3654799510487228,36.55,9
Candidate_053,Information Technology (IT) Analyst,0.5230597853660583,0.8854812503483211,88.55,2
Candidate_053,Inside Sales Representative,0.4280267059803009,0.3596967487500837,35.97,10
Candidate_053,Licensed Practical Nurse (L.P.N.),0.41219058632850647,0.2720810855285396,27.21,12
Candidate_053,Office Administrator,0.46053624153137207,0.5395605399414259,53.96,4
Candidate_053,Office Manager,0.44060248136520386,0.4292740773571323,42.93,7
Candidate_053,Restaurant Manager,0.38891884684562683,0.143326760987903,14.33,13
Candidate_053,Retail Sales Associate,0.42748555541038513,0.35670275355881126,35.67,11
Candidate_053,Secondary School Teacher,0.44299256801605225,0.44249758359954133,44.25,6
Candidate_053,Software Developer,0.5437585115432739,1.0,100.0,1
Candidate_054,Administrative Assistant,0.4910096824169159,0.6047890473673341,60.48,3
Candidate_054,Bookkeeper,0.4625193178653717,0.4308377603074423,43.08,8
Candidate_054,Continuing Care Assistant,0.4553934931755066,0.38733019570879956,38.73,9
Candidate_054,Delivery Driver,0.39195516705513,0.0,0.0,15
Candidate_054,"Driver, Truck",0.4233745336532593,0.19183465513272735,19.18,13
Candidate_054,Food Service Supervisor,0.4666447937488556,0.45602634076130916,45.6,7
Candidate_054,Information Technology (IT) Analyst,0.521447479724884,0.7906306152212699,79.06,2
Candidate_054,Inside Sales Representative,0.4307863116264343,0.23708814128954367,23.71,11
Candidate_054,Licensed Practical Nurse (L.P.N.),0.4220413863658905,0.1836949668511454,18.37,14
Candidate_054,Office Administrator,0.479267418384552,0.5330952669058249,53.31,4
Candidate_054,Office Manager,0.4670652449131012,0.45859345502318644,45.86,6
Candidate_054,Restaurant Manager,0.4303436875343323,0.23438564759678765,23.44,12
Candidate_054,Retail Sales Associate,0.4318182170391083,0.24338856171182197,24.34,10
Candidate_054,Secondary School Teacher,0.47249916195869446,0.49177087759170185,49.18,5
Candidate_054,Software Developer,0.5557387471199036,1.0,100.0,1
Candidate_055,Administrative Assistant,0.38210996985435486,0.48940983872741306,48.94,3
Candidate_055,Bookkeeper,0.3542470932006836,0.32927745400396474,32.93,9
Candidate_055,Continuing Care Assistant,0.35612449049949646,0.34006715494795015,34.01,7
Candidate_055,Delivery Driver,0.29695314168930054,0.0,0.0,15
Candidate_055,"Driver, Truck",0.3278111219406128,0.17734572157827144,17.73,14
Candidate_055,Food Service Supervisor,0.3803902268409729,0.4795262020423956,47.95,4
Candidate_055,Information Technology (IT) Analyst,0.42823326587677,0.7544877585408974,75.45,2
Candidate_055,Inside Sales Representative,0.34220409393310547,0.2600644213400913,26.01,11
Candidate_055,Licensed Practical Nurse (L.P.N.),0.3466953933238983,0.2858766334420268,28.59,10
Candidate_055,Office Administrator,0.36760884523391724,0.40606956860721993,40.61,6
Candidate_055,Office Manager,0.35603994131088257,0.3395812373103902,33.96,8
Candidate_055,Restaurant Manager,0.32811105251312256,0.1790694702932531,17.91,13
Candidate_055,Retail Sales Associate,0.3389754891395569,0.24150911596560587,24.15,12
Candidate_055,Secondary School Teacher,0.3796464204788208,0.4752514285498964,47.53,5
Candidate_055,Software Developer,0.4709521532058716,1.0,100.0,1
Candidate_056,Administrative Assistant,0.45794782042503357,0.4171239908329019,41.71,7
Candidate_056,Bookkeeper,0.46159523725509644,0.4387495427936325,43.87,4
Candidate_056,Continuing Care Assistant,0.43816664814949036,0.2998413250944893,29.98,11
Candidate_056,Delivery Driver,0.38759469985961914,0.0,0.0,15
Candidate_056,"Driver, Truck",0.4227481782436371,0.2084251427279008,20.84,13
Candidate_056,Food Service Supervisor,0.4821678102016449,0.5607244269238448,56.07,3
Candidate_056,Information Technology (IT) Analyst,0.5271605849266052,0.8274868050684087,82.75,2
Candidate_056,Inside Sales Representative,0.44495150446891785,0.3400687709055955,34.01,10
Candidate_056,Licensed Practical Nurse (L.P.N.),0.42188122868537903,0.20328499461954247,20.33,14
Candidate_056,Office Administrator,0.4584389925003052,0.42003615243392817,42.0,5
Candidate_056,Office Manager,0.45717114210128784,0.4125190613089443,41.25,8
Candidate_056,Restaurant Manager,0.42846065759658813,0.24229446033745805,24.23,12
Candidate_056,Retail Sales Associate,0.4457589387893677,0.3448560528822113,34.49,9
Candidate_056,Secondary School Teacher,0.4580744802951813,0.4178749578133255,41.79,6
Candidate_056,Software Developer,0.5562570691108704,1.0,100.0,1
Candidate_057,Administrative Assistant,0.48791372776031494,0.5875718427911064,58.76,3
Candidate_057,Bookkeeper,0.4453904628753662,0.3601038400541774,36.01,7
Candidate_057,Continuing Care Assistant,0.4419156312942505,0.3415160622402644,34.15,8
Candidate_057,Delivery Driver,0.37807202339172363,0.0,0.0,15
Candidate_057,"Driver, Truck",0.39211565256118774,0.07512302470186796,7.51,14
Candidate_057,Food Service Supervisor,0.44041526317596436,0.3334902029803958,33.35,9
Candidate_057,Information Technology (IT) Analyst,0.5494588017463684,0.916792449340988,91.68,2
Candidate_057,Inside Sales Representative,0.4309115409851074,0.28265232138381985,28.27,10
Candidate_057,Licensed Practical Nurse (L.P.N.),0.41007542610168457,0.17119452410149083,17.12,12
Candidate_057,Office Administrator,0.48615214228630066,0.5781486639616218,57.81,4
Candidate_057,Office Manager,0.46506044268608093,0.4653236775601796,46.53,5
Candidate_057,Restaurant Manager,0.3965015113353729,0.09858412389896319,9.86,13
Candidate_057,Retail Sales Associate,0.41890814900398254,0.2184430559992756,21.84,11
Candidate_057,Secondary School Teacher,0.4637147784233093,0.4581253694567145,45.81,6
Candidate_057,Software Developer,0.5650137662887573,1.0,100.0,1
Candidate_058,Administrative Assistant,0.3887931704521179,0.42190882797383983,42.19,3
Candidate_058,Bookkeeper,0.3747917115688324,0.3416993594831476,34.17,8
Candidate_058,Continuing Care Assistant,0.36771366000175476,0.3011516737828566,30.12,10
Candidate_058,Delivery Driver,0.31514427065849304,0.0,0.0,15
Candidate_058,"Driver, Truck",0.3464781641960144,0.1795009339625879,17.95,14
Candidate_058,Food Service Supervisor,0.3852701485157013,0.4017266655751514,40.17,5
Candidate_058,Information Technology (IT) Analyst,0.4385066032409668,0.7066997239855012,70.67,2
Candidate_058,Inside Sales Representative,0.3793342709541321,0.3677220958936548,36.77,6
Candidate_058,Licensed Practical Nurse (L.P.N.),0.35162562131881714,0.20898891827481633,20.9,12
Candidate_058,Office Administrator,0.37296009063720703,0.3312066427864984,33.12,9
Candidate_058,Office Manager,0.36320868134498596,0.2753442242425308,27.53,11
Candidate_058,Restaurant Manager,0.3506532907485962,0.2034187759857313,20.34,13
Candidate_058,Retail Sales Associate,0.37779897451400757,0.3589269187292919,35.89,7
Candidate_058,Secondary School Teacher,0.3858858644962311,0.4052538874133325,40.53,4
Candidate_058,Software Developer,0.4897054433822632,1.0,100.0,1
Candidate_059,Administrative Assistant,0.44641122221946716,0.5575004726839997,55.75,3
Candidate_059,Bookkeeper,0.43077486753463745,0.4612821830866971,46.13,7
Candidate_059,Continuing Care Assistant,0.42287084460258484,0.41264478755627965,41.26,9
Candidate_059,Delivery Driver,0.35581228137016296,0.0,0.0,15
Candidate_059,"Driver, Truck",0.37950941920280457,0.1458203089253559,14.58,14
Candidate_059,Food Service Supervisor,0.42966267466545105,0.4544383056144589,45.44,8
Candidate_059,Information Technology (IT) Analyst,0.4966408908367157,0.8665886776273115,86.66,2
Candidate_059,Inside Sales Representative,0.4106615483760834,0.3375148980277111,33.75,10
Candidate_059,Licensed Practical Nurse (L.P.N.),0.3929998576641083,0.2288337056426641,22.88,13
Candidate_059,Office Administrator,0.4344964027404785,0.48418264546426004,48.42,5
Candidate_059,Office Manager,0.4322270452976227,0.4702181571907661,47.02,6
Candidate_059,Restaurant Manager,0.4017932415008545,0.2829437824219503,28.29,12
Candidate_059,Retail Sales Associate,0.40893206000328064,0.326872493422311,32.69,11
Candidate_059,Secondary School Teacher,0.44191545248031616,0.5298357590443109,52.98,4
Candidate_059,Software Developer,0.5183214545249939,1.0,100.0,1
Candidate_060,Administrative Assistant,0.5059747695922852,0.4914502244560235,49.15,3
Candidate_060,Bookkeeper,0.4762769639492035,0.28438777655965974,28.44,8
Candidate_060,Continuing Care Assistant,0.4817570447921753,0.32259662497267544,32.26,7
Candidate_060,Delivery Driver,0.450322687625885,0.1034263933021425,10.34,13
Candidate_060,"Driver, Truck",0.4627203047275543,0.1898664817048185,18.99,12
Candidate_060,Food Service Supervisor,0.47169142961502075,0.2524159879514367,25.24,10
Candidate_060,Information Technology (IT) Analyst,0.5548816323280334,0.8324442641740591,83.24,2
Candidate_060,Inside Sales Representative,0.4731636345386505,0.26268066403409107,26.27,9
Candidate_060,Licensed Practical Nurse (L.P.N.),0.4445728063583374,0.06333641141322101,6.33,14
Candidate_060,Office Administrator,0.49364081025123596,0.4054539779957461,40.55,4
Candidate_060,Office Manager,0.4834412932395935,0.33433973524080085,33.43,6
Candidate_060,Restaurant Manager,0.43548882007598877,0.0,0.0,15
Candidate_060,Retail Sales Associate,0.4640868604183197,0.1993945380843815,19.94,11
Candidate_060,Secondary School Teacher,0.48452624678611755,0.34190437284053027,34.19,5
Candidate_060,Software Developer,0.5789132118225098,1.0,100.0,1
Candidate_061,Administrative Assistant,0.5088010430335999,0.48083133351898283,48.08,3
Candidate_061,Bookkeeper,0.4850398898124695,0.3393238133828446,33.93,8
Candidate_061,Continuing Care Assistant,0.4824683666229248,0.32400932649163433,32.4,9
Candidate_061,Delivery Driver,0.4280625283718109,0.0,0.0,15
Candidate_061,"Driver, Truck",0.4488263428211212,0.12365712488549988,12.37,13
Candidate_061,Food Service Supervisor,0.49087390303611755,0.3740677812381473,37.41,6
Candidate_061,Information Technology (IT) Analyst,0.5628004670143127,0.8024202945082711,80.24,2
Candidate_061,Inside Sales Representative,0.45862457156181335,0.1820096399304755,18.2,10
Candidate_061,Licensed Practical Nurse (L.P.N.),0.44191649556159973,0.08250611924555307,8.25,14
Candidate_061,Office Administrator,0.49755287170410156,0.4138438091302995,41.38,4
Candidate_061,Office Manager,0.4872266352176666,0.35234678901785554,35.23,7
Candidate_061,Restaurant Manager,0.45204275846481323,0.14281221374967099,14.28,12
Candidate_061,Retail Sales Associate,0.4534159302711487,0.1509900212503015,15.1,11
Candidate_061,Secondary School Teacher,0.49361035227775574,0.3903644711571484,39.04,5
Candidate_061,Software Developer,0.5959769487380981,1.0,100.0,1
Candidate_062,Administrative Assistant,0.4910988211631775,0.5005136650935003,50.05,3
Candidate_062,Bookkeeper,0.4639931619167328,0.35766513810531164,35.77,8
Candidate_062,Continuing Care Assistant,0.4642505943775177,0.3590218233453835,35.9,7
Candidate_062,Delivery Driver,0.39612582325935364,0.0,0.0,15
Candidate_062,"Driver, Truck",0.4099430739879608,0.07281777933022972,7.28,14
Candidate_062,Food Service Supervisor,0.4579256474971771,0.32568895595704656,32.57,9
Candidate_062,Information Technology (IT) Analyst,0.5475069880485535,0.7977882481028317,79.78,2
Candidate_062,Inside Sales Representative,0.44876420497894287,0.27740757837024693,27.74,10
Candidate_062,Licensed Practical Nurse (L.P.N.),0.4186442792415619,0.1186736776206147,11.87,13
Candidate_062,Office Administrator,0.47947120666503906,0.4392354062493276,43.92,5
Candidate_062,Office Manager,0.468517005443573,0.38150607767659095,38.15,6
Candidate_062,Restaurant Manager,0.4404364228248596,0.23351964327251076,23.35,12
Candidate_062,Retail Sales Associate,0.44305768609046936,0.24733386534828317,24.73,11
Candidate_062,Secondary School Teacher,0.482709139585495,0.4562995161449156,45.63,4
Candidate_062,Software Developer,0.5858768820762634,1.0,100.0,1
Candidate_063,Administrative Assistant,0.48650887608528137,0.47986316918591654,47.99,4
Candidate_063,Bookkeeper,0.4654681384563446,0.38064790025662104,38.06,7
Candidate_063,Continuing Care Assistant,0.4553581774234772,0.33297549825103945,33.3,9
Candidate_063,Delivery Driver,0.3847435414791107,0.0,0.0,15
Candidate_063,"Driver, Truck",0.4049851596355438,0.09544710952493844,9.54,14
Candidate_063,Food Service Supervisor,0.46419861912727356,0.3746616224052448,37.47,8
Candidate_063,Information Technology (IT) Analyst,0.5634049773216248,0.842458221618195,84.25,2
Candidate_063,Inside Sales Representative,0.43890711665153503,0.2554023424308886,25.54,10
Candidate_063,Licensed Practical Nurse (L.P.N.),0.4347880184650421,0.23597919094607445,23.6,11
Candidate_063,Office Administrator,0.4917374551296234,0.5045179548284618,50.45,3
Candidate_063,Office Manager,0.4738853871822357,0.4203385047739997,42.03,6
Candidate_063,Restaurant Manager,0.4216892421245575,0.1742133612406286,17.42,13
Candidate_063,Retail Sales Associate,0.4323309659957886,0.22439323204056918,22.44,12
Candidate_063,Secondary School Teacher,0.4798424541950226,0.4484283947829247,44.84,5
Candidate_063,Software Developer,0.5968151092529297,1.0,100.0,1
