candidate_id,selected_occupation,tfidf_similarity_score,tfidf_normalized_score,tfidf_percentage,tfidf_rank
Candidate_001,Administrative Assistant,0.014889534279604988,0.41637688252208815,41.64,2
Candidate_001,Bookkeeper,0.010643430307318702,0.230774283351105,23.08,4
Candidate_001,Continuing Care Assistant,0.005946846330024389,0.025480630840458075,2.55,13
Candidate_001,Delivery Driver,0.007812878992298242,0.1070472892446073,10.7,5
Candidate_001,"Driver, Truck",0.005732760672261172,0.01612267475049268,1.61,14
Candidate_001,Food Service Supervisor,0.006494618631253587,0.04942445405476987,4.94,8
Candidate_001,Information Technology (IT) Analyst,0.028241310863068334,1.0,100.0,1
Candidate_001,Inside Sales Representative,0.006304343108831278,0.04110726923058812,4.11,9
Candidate_001,Licensed Practical Nurse (L.P.N.),0.006018474990310616,0.02861161058354258,2.86,12
Candidate_001,Office Administrator,0.006084603310117848,0.03150216345627963,3.15,11
Candidate_001,Office Manager,0.006623895887626416,0.05507532717353881,5.51,7
Candidate_001,Restaurant Manager,0.0053639158737091835,0.0,0.0,15
Candidate_001,Retail Sales Associate,0.006297158114685646,0.04079320400817212,4.08,10
Candidate_001,Secondary School Teacher,0.006630853375915681,0.055379447825933945,5.54,6
Candidate_001,Software Developer,0.014418958252602254,0.3958074065296681,39.58,3
Candidate_002,Administrative Assistant,0.00869490170490566,0.3269241773564746,32.69,5
Candidate_002,Bookkeeper,0.011760638309603152,0.615498211030349,61.55,3
Candidate_002,Continuing Care Assistant,0.005221742998550792,0.0,0.0,15
Candidate_002,Delivery Driver,0.01068671363761623,0.5144109963028012,51.44,4
Candidate_002,"Driver, Truck",0.00660418776221486,0.13012783328176053,13.01,13
Candidate_002,Food Service Supervisor,0.007880444256855799,0.250260294790911,25.03,9
Candidate_002,Information Technology (IT) Analyst,0.01190410885843587,0.6290029181622739,62.9,2
Candidate_002,Inside Sales Representative,0.008604934042116274,0.31845563139216604,31.85,6
Candidate_002,Licensed Practical Nurse (L.P.N.),0.008214746474252414,0.2817277532778676,28.17,8
Candidate_002,Office Administrator,0.00615060045484842,0.0874322152989754,8.74,14
Candidate_002,Office Manager,0.007630782908994734,0.22675997774008175,22.68,11
Candidate_002,Restaurant Manager,0.007321324601776728,0.1976310461055258,19.76,12
Candidate_002,Retail Sales Associate,0.008595127088457685,0.31753251484948086,31.75,7
Candidate_002,Secondary School Teacher,0.007787720945606818,0.24153236301043218,24.15,10
Candidate_002,Software Developer,0.01584548681107333,1.0,100.0,1
Candidate_003,Administrative Assistant,0.01529515965585502,0.48338193597626333,48.34,9
Candidate_003,Bookkeeper,0.015421698489529867,0.49385388834382576,49.39,8
Candidate_003,Continuing Care Assistant,0.009454168000144926,0.0,0.0,15
Candidate_003,Delivery Driver,0.01905693904863203,0.7946948624069212,79.47,2
Candidate_003,"Driver, Truck",0.01195713780356652,0.20713783901493518,20.71,13
Candidate_003,Food Service Supervisor,0.01555996882213237,0.5052967023386274,50.53,7
Candidate_003,Information Technology (IT) Analyst,0.018806468917571248,0.7739667491013612,77.4,3
Candidate_003,Inside Sales Representative,0.015579566456432548,0.506918540370071,50.69,5
Candidate_003,Licensed Practical Nurse (L.P.N.),0.0148731167481308,0.44845500407398114,44.85,10
Candidate_003,Office Administrator,0.010975973075868742,0.1259397593836235,12.59,14
Candidate_003,Office Manager,0.013815828089259245,0.3609571494397498,36.1,11
Candidate_003,Restaurant Manager,0.01325554183497759,0.3145896368221291,31.46,12
Candidate_003,Retail Sales Associate,0.01556181058689173,0.5054491209461976,50.54,6
Candidate_003,Secondary School Teacher,0.01693113665269897,0.6187702012846005,61.88,4
Candidate_003,Software Developer,0.021537763229894924,1.0,100.0,1
Candidate_004,Administrative Assistant,0.005783961360500245,0.1375639163951849,13.76,4
Candidate_004,Bookkeeper,0.007537811204964367,0.20725166307230602,20.73,2
Candidate_004,Continuing Care Assistant,0.00232185410524041,0.0,0.0,15
Candidate_004,Delivery Driver,0.0049478394672127285,0.10434131705207032,10.43,6
Candidate_004,"Driver, Truck",0.004290629232211142,0.07822762179191788,7.82,8
Candidate_004,Food Service Supervisor,0.0035040487159128564,0.046973507345363055,4.7,13
Candidate_004,Information Technology (IT) Analyst,0.027489117047319732,1.0,100.0,1
Candidate_004,Inside Sales Representative,0.0038261939426271225,0.05977367665482116,5.98,10
Candidate_004,Licensed Practical Nurse (L.P.N.),0.0036526965861869622,0.052879905296392075,5.29,12
Candidate_004,Office Administrator,0.004635823789381848,0.09194363683754073,9.19,7
Candidate_004,Office Manager,0.005727684121777325,0.13532778770481288,13.53,5
Candidate_004,Restaurant Manager,0.003255435510164079,0.03709507096867231,3.71,14
Candidate_004,Retail Sales Associate,0.003821833269262229,0.05960040897072976,5.96,11
Candidate_004,Secondary School Teacher,0.004004827330517282,0.06687152389793502,6.69,9
Candidate_004,Software Developer,0.00734348075028064,0.1995301060984323,19.95,3
Candidate_005,Administrative Assistant,0.011870656011408092,0.4013550321188693,40.14,9
Candidate_005,Bookkeeper,0.011916714000007348,0.4055036558788876,40.55,8
Candidate_005,Continuing Care Assistant,0.007414815577831741,0.0,0.0,15
Candidate_005,Delivery Driver,0.014864515084472799,0.6710236664296415,67.1,3
Candidate_005,"Driver, Truck",0.00937787139500871,0.17682014028537024,17.68,14
Candidate_005,Food Service Supervisor,0.012043911714029232,0.41696085309178804,41.7,7
Candidate_005,Information Technology (IT) Analyst,0.015141519077780698,0.6959745030425033,69.6,2
Candidate_005,Inside Sales Representative,0.01221890832226062,0.432723484264159,43.27,5
Candidate_005,Licensed Practical Nurse (L.P.N.),0.011664846420463426,0.38281695468648935,38.28,10
Candidate_005,Office Administrator,0.010385499254257038,0.267581135397551,26.76,13
Candidate_005,Office Manager,0.01320721278590018,0.5217439453108104,52.17,4
Candidate_005,Restaurant Manager,0.010396197538385764,0.26854477182800895,26.85,12
Candidate_005,Retail Sales Associate,0.012204982559774999,0.4314691361937973,43.15,6
Candidate_005,Secondary School Teacher,0.011175758866664843,0.3387629195858166,33.88,11
Candidate_005,Software Developer,0.018516807771757106,1.0,100.0,1
Candidate_006,Administrative Assistant,0.008075293326959727,0.38656441596954527,38.66,6
Candidate_006,Bookkeeper,0.013812578444622279,1.0,100.0,1
Candidate_006,Continuing Care Assistant,0.004459868450254366,0.0,0.0,15
Candidate_006,Delivery Driver,0.009158447785692017,0.5023762458439401,50.24,3
Candidate_006,"Driver, Truck",0.005640608633636786,0.12624578160698313,12.62,14
Candidate_006,Food Service Supervisor,0.007669768774308133,0.3432053732005728,34.32,7
Candidate_006,Information Technology (IT) Analyst,0.008720770785831042,0.45557943506668536,45.56,5
Candidate_006,Inside Sales Representative,0.007349437508051433,0.3089552717380449,30.9,9
Candidate_006,Licensed Practical Nurse (L.P.N.),0.007016179968551598,0.27332308174172104,27.33,11
Candidate_006,Office Administrator,0.0075053621564410075,0.3256268726412559,32.56,8
Candidate_006,Office Manager,0.008845060177710046,0.4688685664471997,46.89,4
Candidate_006,Restaurant Manager,0.00625311215327855,0.19173519804463662,19.17,13
Candidate_006,Retail Sales Associate,0.007341061430709598,0.3080596941624674,30.81,10
Candidate_006,Secondary School Teacher,0.006737114227951934,0.24348512667118913,24.35,12
Candidate_006,Software Developer,0.011454150248533187,0.7478347775661485,74.78,2
Candidate_007,Administrative Assistant,0.009260350906655519,0.1929228909645385,19.29,4
Candidate_007,Bookkeeper,0.01052663843156725,0.24035902506387138,24.04,3
Candidate_007,Continuing Care Assistant,0.004110355976909819,0.0,0.0,15
Candidate_007,Delivery Driver,0.008463994043707445,0.1630907318390965,16.31,5
Candidate_007,"Driver, Truck",0.0066662913836638025,0.09574736568021257,9.57,11
Candidate_007,Food Service Supervisor,0.007114203718892054,0.11252651668710079,11.25,7
Candidate_007,Information Technology (IT) Analyst,0.030804932779059904,1.0,100.0,1
Candidate_007,Inside Sales Representative,0.006773474313221385,0.09976252315403136,9.98,9
Candidate_007,Licensed Practical Nurse (L.P.N.),0.00646633361285941,0.08825678913777842,8.83,12
Candidate_007,Office Administrator,0.007038238135022823,0.10968078571963656,10.97,8
Candidate_007,Office Manager,0.00826466631557129,0.15562375719426527,15.56,6
Candidate_007,Restaurant Manager,0.0057630661532292494,0.06191183282539676,6.19,14
Candidate_007,Retail Sales Associate,0.006765754655130772,0.09947333864483955,9.95,10
Candidate_007,Secondary School Teacher,0.006273517790611597,0.08103375564760962,8.1,13
Candidate_007,Software Developer,0.010735162439958538,0.2481704996542643,24.82,2
Candidate_008,Administrative Assistant,0.00508936624164567,0.4619250085095212,46.19,6
Candidate_008,Bookkeeper,0.004694418177296024,0.3942615587547741,39.43,7
Candidate_008,Continuing Care Assistant,0.002393133805274363,0.0,0.0,15
Candidate_008,Delivery Driver,0.005185884176277068,0.47846069259020546,47.85,5
Candidate_008,"Driver, Truck",0.0030267106202894246,0.10854589972263202,10.85,14
Candidate_008,Food Service Supervisor,0.003611621168811986,0.20875417793295495,20.88,12
Candidate_008,Information Technology (IT) Analyst,0.007801662326178032,0.9266020797542104,92.66,2
Candidate_008,Inside Sales Representative,0.003943656084579383,0.2656391961614765,26.56,9
Candidate_008,Licensed Practical Nurse (L.P.N.),0.003764832450533827,0.2350027022287178,23.5,11
Candidate_008,Office Administrator,0.005439377297948949,0.5218897422544027,52.19,4
Candidate_008,Office Manager,0.00606167095160263,0.6285025837074425,62.85,3
Candidate_008,Restaurant Manager,0.0033553756683853235,0.16485358413829893,16.49,13
Candidate_008,Retail Sales Associate,0.003939161540835342,0.2648691801460893,26.49,10
Candidate_008,Secondary School Teacher,0.004366028913565046,0.33800112237803526,33.8,8
Candidate_008,Software Developer,0.008230082198848366,1.0,100.0,1
Candidate_009,Administrative Assistant,0.00683458377723176,0.25047505248065627,25.05,8
Candidate_009,Bookkeeper,0.0071892111777182004,0.279575662738315,27.96,6
Candidate_009,Continuing Care Assistant,0.003782231405186823,0.0,0.0,15
Candidate_009,Delivery Driver,0.008090700797711818,0.35355161058322,35.36,5
Candidate_009,"Driver, Truck",0.004783568698599666,0.08216941576453342,8.22,14
Candidate_009,Food Service Supervisor,0.008912774106940349,0.42101068154690874,42.1,3
Candidate_009,Information Technology (IT) Analyst,0.01015716115617104,0.5231246819869987,52.31,2
Candidate_009,Inside Sales Representative,0.006232756338771541,0.20108928673054025,20.11,10
Candidate_009,Licensed Practical Nurse (L.P.N.),0.005950134295998134,0.1778974129337304,17.79,12
Candidate_009,Office Administrator,0.007030893240397534,0.2665841437963338,26.66,7
Candidate_009,Office Manager,0.008630407386969696,0.3978397594570528,39.78,4
Candidate_009,Restaurant Manager,0.005303007797222501,0.12479442088505752,12.48,13
Candidate_009,Retail Sales Associate,0.006225652931321764,0.2005063834032346,20.05,11
Candidate_009,Secondary School Teacher,0.006608973876986259,0.23196157673595105,23.2,9
Candidate_009,Software Developer,0.01596848445440283,1.0,100.0,1
Candidate_010,Administrative Assistant,0.007544267306559348,0.18331617215719284,18.33,5
Candidate_010,Bookkeeper,0.009881617954189854,0.28317183020430364,28.32,3
Candidate_010,Continuing Care Assistant,0.0032533319495402124,0.0,0.0,15
Candidate_010,Delivery Driver,0.0066675305079191265,0.1458604613287437,14.59,7
Candidate_010,"Driver, Truck",0.005176548607381718,0.08216313847929224,8.22,11
Candidate_010,Food Service Supervisor,0.005568922523791259,0.09892603011616166,9.89,8
Candidate_010,Information Technology (IT) Analyst,0.026660624969709085,1.0,100.0,1
Candidate_010,Inside Sales Representative,0.0053611805197369055,0.09005093277468981,9.01,9
Candidate_010,Licensed Practical Nurse (L.P.N.),0.005118079761772143,0.07966524837473399,7.97,12
Candidate_010,Office Administrator,0.006974718020238165,0.1589840426012279,15.9,6
Candidate_010,Office Manager,0.008021594815460047,0.203708428044681,20.37,4
Candidate_010,Restaurant Manager,0.004561446100760894,0.05588489664710678,5.59,14
Candidate_010,Retail Sales Associate,0.005355070438165675,0.08978989953321391,8.98,10
Candidate_010,Secondary School Teacher,0.004877823035061341,0.06940106590375004,6.94,13
Candidate_010,Software Developer,0.015912008028270426,0.5408005132341821,54.08,2
Candidate_011,Administrative Assistant,0.006468958789552835,0.5139878718982855,51.4,5
Candidate_011,Bookkeeper,0.006116523503026189,0.4519052181053161,45.19,8
Candidate_011,Continuing Care Assistant,0.003551115368944946,0.0,0.0,15
Candidate_011,Delivery Driver,0.00730634254918418,0.6614958202464639,66.15,2
Candidate_011,"Driver, Truck",0.004491265209396192,0.16561053699666162,16.56,14
Candidate_011,Food Service Supervisor,0.006134404941222247,0.4550550932151182,45.51,7
Candidate_011,Information Technology (IT) Analyst,0.007105260103463145,0.626074475282475,62.61,4
Candidate_011,Inside Sales Representative,0.005851899171253215,0.4052907575143636,40.53,10
Candidate_011,Licensed Practical Nurse (L.P.N.),0.00558654695660053,0.3585480779210849,35.85,12
Candidate_011,Office Administrator,0.006049072628629323,0.4400235211149749,44.0,9
Candidate_011,Office Manager,0.007110796388540293,0.6270497104047328,62.7,3
Candidate_011,Restaurant Manager,0.004978963599246387,0.25152023857862615,25.15,13
Candidate_011,Retail Sales Associate,0.0058452298227484704,0.4041159294818889,40.41,11
Candidate_011,Secondary School Teacher,0.006289366203936074,0.48235203762495826,48.24,6
Candidate_011,Software Developer,0.009227987490132485,1.0,100.0,1
Candidate_012,Administrative Assistant,0.018349606718840873,0.4097341097009155,40.97,2
Candidate_012,Bookkeeper,0.012917136086803296,0.22681884537432215,22.68,4
Candidate_012,Continuing Care Assistant,0.007130138999442262,0.031966415680681516,3.2,11
Candidate_012,Delivery Driver,0.00905094966812707,0.09664151748643979,9.66,5
Candidate_012,"Driver, Truck",0.006722835798390321,0.018252218637053938,1.83,13
Candidate_012,Food Service Supervisor,0.0066527721381348945,0.01589312388931057,1.59,14
Candidate_012,Information Technology (IT) Analyst,0.0358801399192737,1.0,100.0,1
Candidate_012,Inside Sales Representative,0.007264395709172917,0.03648693741220732,3.65,8
Candidate_012,Licensed Practical Nurse (L.P.N.),0.0069349943587512074,0.025395752726074052,2.54,12
Candidate_012,Office Administrator,0.007245487264325456,0.035850276227721356,3.59,10
Candidate_012,Office Manager,0.007767874318147803,0.05343943086892478,5.34,7
Candidate_012,Restaurant Manager,0.006180756152493274,0.0,0.0,15
Candidate_012,Retail Sales Associate,0.007256116553083072,0.03620817216391602,3.62,9
Candidate_012,Secondary School Teacher,0.007901340889391473,0.05793334805898299,5.79,6
Candidate_012,Software Developer,0.01763013982977178,0.38550913268729015,38.55,3
Candidate_013,Administrative Assistant,0.005387049018164395,0.3283002794688166,32.83,6
Candidate_013,Bookkeeper,0.005790511904140304,0.3794459516500731,37.94,4
Candidate_013,Continuing Care Assistant,0.0027972506525906944,0.0,0.0,15
Candidate_013,Delivery Driver,0.006200484960167143,0.4314168968238223,43.14,3
Candidate_013,"Driver, Truck",0.003537816497827263,0.09387911321133581,9.39,14
Candidate_013,Food Service Supervisor,0.004221498041231118,0.18054718928660818,18.05,10
Candidate_013,Information Technology (IT) Analyst,0.00891601673339262,0.7756559896841984,77.57,2
Candidate_013,Inside Sales Representative,0.004609602075684288,0.22974587002858385,22.97,7
Candidate_013,Licensed Practical Nurse (L.P.N.),0.004400581365713905,0.20324899737230434,20.32,9
Candidate_013,Office Administrator,0.0035555711230372466,0.09612980905537713,9.61,13
Candidate_013,Office Manager,0.0040877562296511806,0.1635931766877807,16.36,11
Candidate_013,Restaurant Manager,0.003921981611471882,0.1425784698285292,14.26,12
Candidate_013,Retail Sales Associate,0.00460434856023379,0.22907989903504278,22.91,8
Candidate_013,Secondary School Teacher,0.005487406013105738,0.3410222079107612,34.1,5
Candidate_013,Software Developer,0.010685755559634767,1.0,100.0,1
Candidate_014,Administrative Assistant,0.008900625873832743,0.33851581578750706,33.85,7
Candidate_014,Bookkeeper,0.00830448852520301,0.29258226923501074,29.26,8
Candidate_014,Continuing Care Assistant,0.004507280790797167,0.0,0.0,15
Candidate_014,Delivery Driver,0.009521326995397008,0.38634204900053015,38.63,5
Candidate_014,"Driver, Truck",0.01209793898937827,0.5848750334634261,58.49,3
Candidate_014,Food Service Supervisor,0.0068022066638920775,0.17682851891201867,17.68,13
Candidate_014,Information Technology (IT) Analyst,0.012663241893661107,0.6284327258808241,62.84,2
Candidate_014,Inside Sales Representative,0.007427568519720598,0.22501387079926688,22.5,10
Candidate_014,Licensed Practical Nurse (L.P.N.),0.007090768158245752,0.1990627454113636,19.91,12
Candidate_014,Office Administrator,0.00896595361448153,0.3435494457440228,34.35,6
Candidate_014,Office Manager,0.010225452395783985,0.44059628576629084,44.06,4
Candidate_014,Restaurant Manager,0.006319588258161567,0.13964182853324994,13.96,14
Candidate_014,Retail Sales Associate,0.007419103397278941,0.22436161658865555,22.44,11
Candidate_014,Secondary School Teacher,0.007543057692757653,0.23391253705160023,23.39,9
Candidate_014,Software Developer,0.017485537280276416,1.0,100.0,1
Candidate_015,Administrative Assistant,0.007432079827842908,0.21904868654664356,21.9,7
Candidate_015,Bookkeeper,0.012618614672408218,0.5178608725543891,51.79,2
Candidate_015,Continuing Care Assistant,0.003630013852524946,0.0,0.0,15
Candidate_015,Delivery Driver,0.007545912213896046,0.22560691957397155,22.56,6
Candidate_015,"Driver, Truck",0.00459105188979409,0.055368350036999324,5.54,14
Candidate_015,Food Service Supervisor,0.0054782707276816115,0.10648374950148347,10.65,12
Candidate_015,Information Technology (IT) Analyst,0.01155348515659673,0.4564954930593484,45.65,3
Candidate_015,Inside Sales Representative,0.005981916341270453,0.1355003186135931,13.55,8
Candidate_015,Licensed Practical Nurse (L.P.N.),0.00571066854588452,0.11987290086395964,11.99,11
Candidate_015,Office Administrator,0.008830529647263089,0.299617671444325,29.96,5
Candidate_015,Office Manager,0.009981248896633366,0.36591413810082984,36.59,4
Candidate_015,Restaurant Manager,0.005089585935320271,0.08409042602942395,8.41,13
Candidate_015,Retail Sales Associate,0.005975098813551905,0.1351075399238129,13.51,9
Candidate_015,Secondary School Teacher,0.005736835853694634,0.12138047975487772,12.14,10
Candidate_015,Software Developer,0.020987186978091085,1.0,100.0,1
Candidate_016,Administrative Assistant,0.008349562353284884,0.33303216056317253,33.3,5
Candidate_016,Bookkeeper,0.008503290031162363,0.34847977423971666,34.85,4
Candidate_016,Continuing Care Assistant,0.005035376630241235,0.0,0.0,15
Candidate_016,Delivery Driver,0.010282460245979036,0.5272630260442918,52.73,2
Candidate_016,"Driver, Truck",0.006368481315302404,0.13395952147035467,13.4,13
Candidate_016,Food Service Supervisor,0.007599187638668402,0.25762935175160084,25.76,9
Candidate_016,Information Technology (IT) Analyst,0.008543991585133739,0.3525697461333007,35.26,3
Candidate_016,Inside Sales Representative,0.008297820055959247,0.32783273889194714,32.78,6
Candidate_016,Licensed Practical Nurse (L.P.N.),0.007921558458791859,0.2900233874816325,29.0,8
Candidate_016,Office Administrator,0.0059185636357593245,0.08874870064882423,8.87,14
Candidate_016,Office Manager,0.007358436817181586,0.2334370544763955,23.34,11
Candidate_016,Restaurant Manager,0.007060023216850809,0.20345040485426008,20.35,12
Candidate_016,Retail Sales Associate,0.008288363116910348,0.3268824406567364,32.69,7
Candidate_016,Secondary School Teacher,0.0074466073043525935,0.2422970310420726,24.23,10
Candidate_016,Software Developer,0.014986925205727787,1.0,100.0,1
Candidate_017,Administrative Assistant,0.013405352943678122,0.3930377241714825,39.3,8
Candidate_017,Bookkeeper,0.013448968669377004,0.39633216766910373,39.63,7
Candidate_017,Continuing Care Assistant,0.008201856335175338,0.0,0.0,15
Candidate_017,Delivery Driver,0.016323731079834404,0.6134727099524604,61.35,2
Candidate_017,"Driver, Truck",0.010373279430114126,0.16401494142487852,16.4,14
Candidate_017,Food Service Supervisor,0.01237791129705675,0.3154315764424351,31.54,10
Candidate_017,Information Technology (IT) Analyst,0.014887246164343487,0.5049701386105976,50.5,3
Candidate_017,Inside Sales Representative,0.013515876366700662,0.4013859326783235,40.14,5
Candidate_017,Licensed Practical Nurse (L.P.N.),0.012903003926161354,0.35509360131725787,35.51,9
Candidate_017,Office Administrator,0.011303544936744042,0.23428104614446188,23.43,12
Candidate_017,Office Manager,0.013752056531875957,0.41922542054562745,41.92,4
Candidate_017,Restaurant Manager,0.01149969513697303,0.24909693516950812,24.91,11
Candidate_017,Retail Sales Associate,0.013500472463250068,0.40022242367445754,40.02,6
Candidate_017,Secondary School Teacher,0.010954485810190172,0.20791542797958454,20.79,13
Candidate_017,Software Developer,0.021441034888510582,1.0,100.0,1
Candidate_018,Administrative Assistant,0.00935159043059835,0.15936521137175705,15.94,4
Candidate_018,Bookkeeper,0.011741673760388349,0.232057468990162,23.21,2
Candidate_018,Continuing Care Assistant,0.004111745809901674,0.0,0.0,15
Candidate_018,Delivery Driver,0.00859375288105505,0.13631625667730185,13.63,5
Candidate_018,"Driver, Truck",0.007068161002562988,0.08991673726739273,8.99,6
Candidate_018,Food Service Supervisor,0.0062052811986885005,0.06367301588112868,6.37,11
Candidate_018,Information Technology (IT) Analyst,0.036991221672883455,1.0,100.0,1
Candidate_018,Inside Sales Representative,0.006775764625331304,0.08102376164788518,8.1,7
Candidate_018,Licensed Practical Nurse (L.P.N.),0.0064685200716094494,0.0716791919533368,7.17,10
Candidate_018,Office Administrator,0.004941124820930414,0.025224824583122918,2.52,14
Candidate_018,Office Manager,0.0060086909028338326,0.05769389697199776,5.77,12
Candidate_018,Restaurant Manager,0.0057650148164396856,0.05028270564371701,5.03,13
Candidate_018,Retail Sales Associate,0.006768042356995847,0.08078889572825684,8.08,8
Candidate_018,Secondary School Teacher,0.006626589291887908,0.07648672662746539,7.65,9
Candidate_018,Software Developer,0.011712681390078465,0.2311756918465511,23.12,3
Candidate_019,Administrative Assistant,0.0035903830205207964,0.3283002794688167,32.83,6
Candidate_019,Bookkeeper,0.0038592846567104414,0.3794459516500733,37.94,4
Candidate_019,Continuing Care Assistant,0.0018643233453673877,0.0,0.0,15
Candidate_019,Delivery Driver,0.004132525218336396,0.4314168968238225,43.14,3
Candidate_019,"Driver, Truck",0.0023578987755053927,0.09387911321133587,9.39,14
Candidate_019,Food Service Supervisor,0.002813561717610395,0.18054718928660823,18.05,10
Candidate_019,Information Technology (IT) Analyst,0.005942384222291713,0.7756559896841986,77.57,2
Candidate_019,Inside Sales Representative,0.0030722269220289523,0.22974587002858396,22.97,7
Candidate_019,Licensed Practical Nurse (L.P.N.),0.002932917922707728,0.20324899737230442,20.32,9
Candidate_019,Office Administrator,0.002369731952570367,0.09612980905537719,9.61,13
Candidate_019,Office Manager,0.002724424914174751,0.16359317668778076,16.36,11
Candidate_019,Restaurant Manager,0.00261393875146538,0.14257846982852931,14.26,12
Candidate_019,Retail Sales Associate,0.0030687255370205903,0.22907989903504283,22.91,8
Candidate_019,Secondary School Teacher,0.0036572693713620348,0.3410222079107613,34.1,5
Candidate_019,Software Developer,0.00712188717670539,1.0,100.0,1
Candidate_020,Administrative Assistant,0.006585845635174593,0.469470865100807,46.95,7
Candidate_020,Bookkeeper,0.00828601946701038,0.7436306773036335,74.36,4
Candidate_020,Continuing Care Assistant,0.003674470429448974,0.0,0.0,15
Candidate_020,Delivery Driver,0.007521427533800173,0.6203371781945654,62.03,6
Candidate_020,"Driver, Truck",0.00464727824588881,0.15686914083168108,15.69,14
Candidate_020,Food Service Supervisor,0.005545362803334829,0.3016888580871813,30.17,12
Candidate_020,Information Technology (IT) Analyst,0.009875867410921882,1.0,100.0,1
Candidate_020,Inside Sales Representative,0.006055176536625854,0.3838983561751328,38.39,9
Candidate_020,Licensed Practical Nurse (L.P.N.),0.00578060678463839,0.3396228884365313,33.96,11
Candidate_020,Office Administrator,0.007608089592597587,0.634311780861726,63.43,5
Candidate_020,Office Manager,0.009188176782427896,0.889107143027852,88.91,3
Candidate_020,Restaurant Manager,0.005151917810028581,0.23824428350476207,23.82,13
Candidate_020,Retail Sales Associate,0.006048275515026081,0.382785538914701,38.28,10
Candidate_020,Secondary School Teacher,0.006347635524898953,0.4310585346231245,43.11,8
Candidate_020,Software Developer,0.009251413207683239,0.8993042688439005,89.93,2
Candidate_021,Administrative Assistant,0.00891305521192717,0.3245405307573086,32.45,6
Candidate_021,Bookkeeper,0.009075257076458393,0.33864613000907956,33.86,5
Candidate_021,Continuing Care Assistant,0.005181127325334241,0.0,0.0,15
Candidate_021,Delivery Driver,0.01047146346303417,0.46006475746271147,46.01,3
Candidate_021,"Driver, Truck",0.006552819180481654,0.11928676443730456,11.93,14
Candidate_021,Food Service Supervisor,0.007819148718406947,0.22941088066912504,22.94,11
Candidate_021,Information Technology (IT) Analyst,0.010932063878360857,0.5001200607267922,50.01,2
Candidate_021,Inside Sales Representative,0.008538003289453503,0.2919248013863221,29.19,7
Candidate_021,Licensed Practical Nurse (L.P.N.),0.00815085067194126,0.2582567564000043,25.83,9
Candidate_021,Office Administrator,0.008058706580878951,0.250243607934048,25.02,10
Candidate_021,Office Manager,0.009461066031365283,0.37219732574526393,37.22,4
Candidate_021,Restaurant Manager,0.007264377998387672,0.18116622284213724,18.12,13
Candidate_021,Retail Sales Associate,0.00852827261607626,0.2910785905273658,29.11,8
Candidate_021,Secondary School Teacher,0.007361731993789364,0.18963244145598476,18.96,12
Candidate_021,Software Developer,0.016680239247917693,1.0,100.0,1
Candidate_022,Administrative Assistant,0.0076303699942539644,0.18331617215719279,18.33,5
Candidate_022,Bookkeeper,0.009994396813958964,0.2831718302043036,28.32,3
Candidate_022,Continuing Care Assistant,0.003290462211954779,0.0,0.0,15
Candidate_022,Delivery Driver,0.006743627002607028,0.1458604613287437,14.59,7
Candidate_022,"Driver, Truck",0.0052356285325707245,0.08216313847929221,8.22,11
Candidate_022,Food Service Supervisor,0.005632480610664006,0.09892603011616166,9.89,8
Candidate_022,Information Technology (IT) Analyst,0.026964902558536608,1.0,100.0,1
Candidate_022,Inside Sales Representative,0.005422367648083223,0.09005093277468981,9.01,9
Candidate_022,Licensed Practical Nurse (L.P.N.),0.0051764923822980435,0.07966524837473397,7.97,12
Candidate_022,Office Administrator,0.007054320444575973,0.15898404260122787,15.9,6
Candidate_022,Office Manager,0.008113145239794537,0.203708428044681,20.37,4
Candidate_022,Restaurant Manager,0.004613505863901598,0.05588489664710673,5.59,14
Candidate_022,Retail Sales Associate,0.005416187832179427,0.0897898995332139,8.98,10
Candidate_022,Secondary School Teacher,0.004933493606682302,0.06940106590374999,6.94,13
Candidate_022,Software Developer,0.01609361170191826,0.5408005132341821,54.08,2
Candidate_023,Administrative Assistant,0.004302598171123016,0.3283002794688168,32.83,9
Candidate_023,Bookkeeper,0.004624841141154032,0.37944595165007333,37.94,7
Candidate_023,Continuing Care Assistant,0.002234144427018856,0.0,0.0,15
Candidate_023,Delivery Driver,0.004952283738227679,0.4314168968238224,43.14,5
Candidate_023,"Driver, Truck",0.002825629160231246,0.09387911321133594,9.39,14
Candidate_023,Food Service Supervisor,0.0060235791670458436,0.6014504736814922,60.15,3
Candidate_023,Information Technology (IT) Analyst,0.007121159870913693,0.7756559896841988,77.57,2
Candidate_023,Inside Sales Representative,0.0036816567648760967,0.22974587002858404,22.97,10
Candidate_023,Licensed Practical Nurse (L.P.N.),0.0035147133935770833,0.20324899737230454,20.32,12
Candidate_023,Office Administrator,0.00481251674105061,0.4092333965330669,40.92,6
Candidate_023,Office Manager,0.005832745396159871,0.5711617710733095,57.12,4
Candidate_023,Restaurant Manager,0.0031324591351958742,0.1425784698285294,14.26,13
Candidate_023,Retail Sales Associate,0.003677460819026511,0.22907989903504292,22.91,11
Candidate_023,Secondary School Teacher,0.004382752597310353,0.3410222079107613,34.1,8
Candidate_023,Software Developer,0.008534637827301295,1.0,100.0,1
Candidate_024,Administrative Assistant,0.003467837576592191,0.16134689510495553,16.13,10
Candidate_024,Bookkeeper,0.003633727975919121,0.1788649094126671,17.89,8
Candidate_024,Continuing Care Assistant,0.00193993033842201,0.0,0.0,15
Candidate_024,Delivery Driver,0.004125203669386056,0.23076470750211928,23.08,6
Candidate_024,"Driver, Truck",0.01140963371992361,1.0,100.0,1
Candidate_024,Food Service Supervisor,0.0044637461518058485,0.26651476943976254,26.65,4
Candidate_024,Information Technology (IT) Analyst,0.0045877055178292795,0.27960486962870584,27.96,3
Candidate_024,Inside Sales Representative,0.0031968200298357376,0.13272746154530812,13.27,11
Candidate_024,Licensed Practical Nurse (L.P.N.),0.003051861401886358,0.11741984079843802,11.74,13
Candidate_024,Office Administrator,0.003512627693155343,0.1660767282115179,16.61,9
Candidate_024,Office Manager,0.004322329647298507,0.25158119667510886,25.16,5
Candidate_024,Restaurant Manager,0.0027199461398931127,0.0823696128639899,8.24,14
Candidate_024,Retail Sales Associate,0.0031931766473607525,0.1323427206164526,13.23,12
Candidate_024,Secondary School Teacher,0.004105019126779073,0.22863322124602256,22.86,7
Candidate_024,Software Developer,0.006068304253077694,0.43595599020769465,43.6,2
Candidate_025,Administrative Assistant,0.020639542705364097,0.14827886614716204,14.83,7
Candidate_025,Bookkeeper,0.03660994886782858,0.4144609010213751,41.45,3
Candidate_025,Continuing Care Assistant,0.011743098139528016,0.0,0.0,15
Candidate_025,Delivery Driver,0.029641008540655867,0.2983081433311135,29.83,4
Candidate_025,"Driver, Truck",0.02063527096160572,0.14820766811785088,14.82,8
Candidate_025,Food Service Supervisor,0.0212995967049149,0.15928012152789453,15.93,6
Candidate_025,Information Technology (IT) Analyst,0.07174115987953784,1.0,100.0,1
Candidate_025,Inside Sales Representative,0.019351504845945364,0.12681087498104404,12.68,11
Candidate_025,Licensed Practical Nurse (L.P.N.),0.018474017979295522,0.11218562141114932,11.22,13
Candidate_025,Office Administrator,0.019354647504200424,0.12686325431070766,12.69,10
Candidate_025,Office Manager,0.021339169784081926,0.15993969415439882,15.99,5
Candidate_025,Restaurant Manager,0.016464815164948934,0.07869782603780733,7.87,14
Candidate_025,Retail Sales Associate,0.019329450137528157,0.12644328463266283,12.64,12
Candidate_025,Secondary School Teacher,0.02027742869355071,0.14224343764644581,14.22,9
Candidate_025,Software Developer,0.05380313573695611,0.7010232727131629,70.1,2
Candidate_026,Administrative Assistant,0.004211780308702221,0.4558368059895008,45.58,7
Candidate_026,Bookkeeper,0.0038849351964805427,0.3890651650299504,38.91,8
Candidate_026,Continuing Care Assistant,0.001980473276744369,0.0,0.0,15
Candidate_026,Delivery Driver,0.004291655153076887,0.47215454864758255,47.22,6
Candidate_026,"Driver, Truck",0.002504799141071995,0.10711525750137288,10.71,14
Candidate_026,Food Service Supervisor,0.004908690012744743,0.5982094552950009,59.82,5
Candidate_026,Information Technology (IT) Analyst,0.006456381050288793,0.914389402343177,91.44,3
Candidate_026,Inside Sales Representative,0.0032636309223354866,0.2621380537818838,26.21,10
Candidate_026,Licensed Practical Nurse (L.P.N.),0.0031156427790494756,0.2319053508890772,23.19,12
Candidate_026,Office Administrator,0.00592957670048551,0.8067678116089796,80.68,4
Candidate_026,Office Manager,0.006875442271435958,1.0,100.0,1
Candidate_026,Restaurant Manager,0.002776790762818865,0.16268080286883782,16.27,13
Candidate_026,Retail Sales Associate,0.0032599113961825337,0.2613781866291017,26.14,11
Candidate_026,Secondary School Teacher,0.0036131718041639157,0.3335462449690993,33.35,9
Candidate_026,Software Developer,0.006810926252558646,0.9868199330889987,98.68,2
Candidate_027,Administrative Assistant,0.005389773531250131,0.4619250085095211,46.19,6
Candidate_027,Bookkeeper,0.004971513079480819,0.3942615587547738,39.43,7
Candidate_027,Continuing Care Assistant,0.002534392029966563,0.0,0.0,15
Candidate_027,Delivery Driver,0.005491988578206356,0.47846069259020546,47.85,5
Candidate_027,"Driver, Truck",0.003205366643591094,0.10854589972263182,10.85,14
Candidate_027,Food Service Supervisor,0.0038248023931308074,0.2087541779329549,20.88,12
Candidate_027,Information Technology (IT) Analyst,0.008262166861033149,0.9266020797542104,92.66,2
Candidate_027,Inside Sales Representative,0.0041764361556629595,0.2656391961614765,26.56,9
Candidate_027,Licensed Practical Nurse (L.P.N.),0.003987057194947991,0.2350027022287177,23.5,11
Candidate_027,Office Administrator,0.0057604445023175035,0.5218897422544024,52.19,4
Candidate_027,Office Manager,0.006419469949470825,0.6285025837074425,62.85,3
Candidate_027,Restaurant Manager,0.0035534316270813627,0.16485358413829887,16.49,13
Candidate_027,Retail Sales Associate,0.004171676314897629,0.2648691801460891,26.49,10
Candidate_027,Secondary School Teacher,0.004623740158931163,0.3380011223780351,33.8,8
Candidate_027,Software Developer,0.008715874843588059,1.0,100.0,1
Candidate_028,Administrative Assistant,0.006406442940915496,0.46192500850952134,46.19,6
Candidate_028,Bookkeeper,0.005909286297289298,0.39426155875477403,39.43,7
Candidate_028,Continuing Care Assistant,0.0030124527191638445,0.0,0.0,15
Candidate_028,Delivery Driver,0.006527938744446253,0.47846069259020546,47.85,5
Candidate_028,"Driver, Truck",0.0038099928295349302,0.10854589972263202,10.85,14
Candidate_028,Food Service Supervisor,0.004546272334041115,0.20875417793295506,20.88,12
Candidate_028,Information Technology (IT) Analyst,0.009820653921103551,0.92660207975421,92.66,2
Candidate_028,Inside Sales Representative,0.004964234540189533,0.26563919616147663,26.56,9
Candidate_028,Licensed Practical Nurse (L.P.N.),0.004739133151606902,0.23500270222871783,23.5,11
Candidate_028,Office Administrator,0.006847033331630125,0.5218897422544027,52.19,4
Candidate_028,Office Manager,0.007630370312176652,0.6285025837074427,62.85,3
Candidate_028,Restaurant Manager,0.004223713080215647,0.16485358413829895,16.49,13
Candidate_028,Retail Sales Associate,0.004958576853814748,0.26486918014608923,26.49,10
Candidate_028,Secondary School Teacher,0.005495913201188146,0.33800112237803537,33.8,8
Candidate_028,Software Developer,0.010359944539758125,1.0,100.0,1
Candidate_029,Administrative Assistant,0.004147556834369521,0.3283002794688168,32.83,6
Candidate_029,Bookkeeper,0.004458187987808334,0.3794459516500733,37.94,4
Candidate_029,Continuing Care Assistant,0.002153638480451467,0.0,0.0,15
Candidate_029,Delivery Driver,0.004773831403098969,0.4314168968238224,43.14,3
Candidate_029,"Driver, Truck",0.0027238094446203026,0.09387911321133587,9.39,14
Candidate_029,Food Service Supervisor,0.0032501844689268714,0.18054718928660826,18.05,10
Candidate_029,Information Technology (IT) Analyst,0.0068645534899060895,0.7756559896841987,77.57,2
Candidate_029,Inside Sales Representative,0.0035489906492892544,0.22974587002858396,22.97,7
Candidate_029,Licensed Practical Nurse (L.P.N.),0.0033880629741856352,0.20324899737230442,20.32,9
Candidate_029,Office Administrator,0.002737478954009031,0.0961298090553772,9.61,13
Candidate_029,Office Manager,0.003147214965068831,0.16359317668778076,16.36,11
Candidate_029,Restaurant Manager,0.0030195830002813957,0.14257846982852926,14.26,12
Candidate_029,Retail Sales Associate,0.003544945901629133,0.22907989903504286,22.91,8
Candidate_029,Secondary School Teacher,0.004224822947754096,0.3410222079107614,34.1,5
Candidate_029,Software Developer,0.008227097684154167,1.0,100.0,1
Candidate_030,Administrative Assistant,0.017836340831749745,0.490537757322951,49.05,6
Candidate_030,Bookkeeper,0.017954937182820166,0.49913293148832766,49.91,5
Candidate_030,Continuing Care Assistant,0.011067892983989282,0.0,0.0,15
Candidate_030,Delivery Driver,0.022264394332850733,0.8114573363154717,81.15,2
Candidate_030,"Driver, Truck",0.013998092862603898,0.21236385494780669,21.24,13
Candidate_030,Food Service Supervisor,0.01670321839381589,0.40841562947641613,40.84,8
Candidate_030,Information Technology (IT) Analyst,0.01457812943399639,0.2544015340872436,25.44,12
Candidate_030,Inside Sales Representative,0.01823883119848317,0.5197079195643333,51.97,3
Candidate_030,Licensed Practical Nurse (L.P.N.),0.017411798108957544,0.4597693684972659,45.98,7
Candidate_030,Office Administrator,0.01282459096371491,0.12731525848330144,12.73,14
Candidate_030,Office Manager,0.01617404162637795,0.3700639732968823,37.01,9
Candidate_030,Restaurant Manager,0.015518120523358148,0.3225266243960421,32.25,10
Candidate_030,Retail Sales Associate,0.018218044592627165,0.5182014271973521,51.82,4
Candidate_030,Secondary School Teacher,0.01543657325505065,0.316616552395619,31.66,11
Candidate_030,Software Developer,0.024865909032128833,1.0,100.0,1
Candidate_031,Administrative Assistant,0.010343838555150538,0.4414013548313465,44.14,8
Candidate_031,Bookkeeper,0.010544390017899238,0.46288367704895234,46.29,7
Candidate_031,Continuing Care Assistant,0.006223069558485219,0.0,0.0,15
Candidate_031,Delivery Driver,0.012724002142515262,0.6963555716372918,69.64,3
Candidate_031,"Driver, Truck",0.00787061328620847,0.17647871893557499,17.65,14
Candidate_031,Food Service Supervisor,0.013290122307218672,0.7569962452347799,75.7,2
Candidate_031,Information Technology (IT) Analyst,0.012373298828593214,0.6587895449965591,65.88,4
Candidate_031,Inside Sales Representative,0.010255024635476818,0.4318879401013322,43.19,9
Candidate_031,Licensed Practical Nurse (L.P.N.),0.009790014316825194,0.38207777485560157,38.21,11
Candidate_031,Office Administrator,0.009329026263596081,0.3326984596304435,33.27,12
Candidate_031,Office Manager,0.011704719405255535,0.5871738190210366,58.72,5
Candidate_031,Restaurant Manager,0.008725268989636298,0.26802623972906336,26.8,13
Candidate_031,Retail Sales Associate,0.010243337090764032,0.4306360140469839,43.06,10
Candidate_031,Secondary School Teacher,0.010677750426428573,0.4771687449703394,47.72,6
Candidate_031,Software Developer,0.015558720551762774,1.0,100.0,1
Candidate_032,Administrative Assistant,0.006739435534138631,0.21904868654664347,21.9,7
Candidate_032,Bookkeeper,0.011442603158840638,0.5178608725543888,51.79,3
Candidate_032,Continuing Care Assistant,0.0032917090388980136,0.0,0.0,15
Candidate_032,Delivery Driver,0.0068426591330871065,0.22560691957397153,22.56,6
Candidate_032,"Driver, Truck",0.004163181634464894,0.055368350036999324,5.54,14
Candidate_032,Food Service Supervisor,0.004967714726294157,0.10648374950148347,10.65,12
Candidate_032,Information Technology (IT) Analyst,0.013191531467179817,0.6289777054397084,62.9,2
Candidate_032,Inside Sales Representative,0.005424422299875057,0.13550031861359307,13.55,8
Candidate_032,Licensed Practical Nurse (L.P.N.),0.005178453866660406,0.11987290086395952,11.99,11
Candidate_032,Office Administrator,0.008007554637273396,0.299617671444325,29.96,5
Candidate_032,Office Manager,0.009051030807963862,0.3659141381008298,36.59,4
Candidate_032,Restaurant Manager,0.004615254020556607,0.08409042602942393,8.41,13
Candidate_032,Retail Sales Associate,0.005418240142306024,0.13510753992381289,13.51,9
Candidate_032,Secondary School Teacher,0.005202182471327374,0.12138047975487766,12.14,10
Candidate_032,Software Developer,0.01903125329088544,1.0,100.0,1
Candidate_033,Administrative Assistant,0.003243761133253948,0.3277063853421155,32.77,7
Candidate_033,Bookkeeper,0.0048453324145432955,0.6331202061635054,63.31,3
Candidate_033,Continuing Care Assistant,0.0015252890154973356,0.0,0.0,15
Candidate_033,Delivery Driver,0.003305277854620425,0.3394374004623511,33.94,6
Candidate_033,"Driver, Truck",0.001929105866141618,0.07700640533966295,7.7,14
Candidate_033,Food Service Supervisor,0.0023019047596860194,0.1480977990263184,14.81,12
Candidate_033,Information Technology (IT) Analyst,0.006769227475721661,1.0,100.0,1
Candidate_033,Inside Sales Representative,0.0025135307074977973,0.18845409790682147,18.85,9
Candidate_033,Licensed Practical Nurse (L.P.N.),0.0023995555824463458,0.1667194559166529,16.67,11
Candidate_033,Office Administrator,0.003466844363412407,0.37024754631312273,37.02,5
Candidate_033,Office Manager,0.0038634697724220157,0.4458825698775758,44.59,4
Candidate_033,Restaurant Manager,0.002138583993329373,0.11695312263557758,11.7,13
Candidate_033,Retail Sales Associate,0.0025106660627431457,0.1879078205665399,18.79,10
Candidate_033,Secondary School Teacher,0.002782734474991486,0.23979027767621044,23.98,8
Candidate_033,Software Developer,0.005245529500639182,0.7094363355634614,70.94,2
Candidate_034,Administrative Assistant,0.00760865459910175,0.18331617215719284,18.33,5
Candidate_034,Bookkeeper,0.009965953596095794,0.28317183020430364,28.32,3
Candidate_034,Continuing Care Assistant,0.003281097831561713,0.0,0.0,15
Candidate_034,Delivery Driver,0.006724435203882846,0.14586046132874375,14.59,7
Candidate_034,"Driver, Truck",0.005220728371432981,0.0821631384792922,8.22,11
Candidate_034,Food Service Supervisor,0.005616451041686373,0.0989260301161617,9.89,8
Candidate_034,Information Technology (IT) Analyst,0.026888162699953005,1.0,100.0,1
Candidate_034,Inside Sales Representative,0.0054069360430329585,0.0900509327746898,9.01,9
Candidate_034,Licensed Practical Nurse (L.P.N.),0.005161760517700563,0.079665248374734,7.97,12
Candidate_034,Office Administrator,0.007034244438287984,0.15898404260122787,15.9,6
Candidate_034,Office Manager,0.008090055906650517,0.203708428044681,20.37,4
Candidate_034,Restaurant Manager,0.004600376211873305,0.055884896647106753,5.59,14
Candidate_034,Retail Sales Associate,0.00540077381436863,0.08978989953321388,8.98,10
Candidate_034,Secondary School Teacher,0.004919453296287039,0.06940106590375003,6.94,13
Candidate_034,Software Developer,0.016047810628340355,0.5408005132341822,54.08,2
Candidate_035,Administrative Assistant,0.009091738430122679,0.1929228909645385,19.29,4
Candidate_035,Bookkeeper,0.010334969390792927,0.24035902506387144,24.04,3
Candidate_035,Continuing Care Assistant,0.004035514612075555,0.0,0.0,15
Candidate_035,Delivery Driver,0.008309881633556442,0.1630907318390965,16.31,5
Candidate_035,"Driver, Truck",0.006544911544949351,0.09574736568021258,9.57,11
Candidate_035,Food Service Supervisor,0.006984668292028326,0.11252651668710074,11.25,7
Candidate_035,Information Technology (IT) Analyst,0.030244036538986333,1.0,100.0,1
Candidate_035,Inside Sales Representative,0.006650142887641928,0.0997625231540313,9.98,9
Candidate_035,Licensed Practical Nurse (L.P.N.),0.006348594605391761,0.0882567891377784,8.83,12
Candidate_035,Office Administrator,0.006910085889569452,0.10968078571963655,10.97,8
Candidate_035,Office Manager,0.008114183264849695,0.15562375719426524,15.56,6
Candidate_035,Restaurant Manager,0.005658132240215199,0.06191183282539671,6.19,14
Candidate_035,Retail Sales Associate,0.006642563789091853,0.09947333864483954,9.95,10
Candidate_035,Secondary School Teacher,0.00615928957378586,0.08103375564760956,8.1,13
Candidate_035,Software Developer,0.010539696593876742,0.24817049965426421,24.82,2
Candidate_036,Administrative Assistant,0.006067905569308137,0.46192500850952123,46.19,6
Candidate_036,Bookkeeper,0.005597020306690494,0.39426155875477403,39.43,7
Candidate_036,Continuing Care Assistant,0.0028532648773235752,0.0,0.0,15
Candidate_036,Delivery Driver,0.00618298113771498,0.4784606925902054,47.85,5
Candidate_036,"Driver, Truck",0.0036086603631024236,0.10854589972263196,10.85,14
Candidate_036,Food Service Supervisor,0.004306032453537693,0.20875417793295503,20.88,12
Candidate_036,Information Technology (IT) Analyst,0.009301698488802336,0.9266020797542104,92.66,2
Candidate_036,Inside Sales Representative,0.004701908171442063,0.2656391961614766,26.56,9
Candidate_036,Licensed Practical Nurse (L.P.N.),0.004488701875524542,0.23500270222871783,23.5,11
Candidate_036,Office Administrator,0.006485213724591404,0.5218897422544027,52.19,4
Candidate_036,Office Manager,0.007227156620320066,0.6285025837074427,62.85,3
Candidate_036,Restaurant Manager,0.004000518284322329,0.164853584138299,16.49,13
Candidate_036,Retail Sales Associate,0.004696549455696122,0.26486918014608923,26.49,10
Candidate_036,Secondary School Teacher,0.00520549119526819,0.3380011223780353,33.8,8
Candidate_036,Software Developer,0.009812491229577464,1.0,100.0,1
Candidate_037,Administrative Assistant,0.010862771662955429,0.46288826029045455,46.29,10
Candidate_037,Bookkeeper,0.011007579867139124,0.47873514894364577,47.87,6
Candidate_037,Continuing Care Assistant,0.006632918145503125,0.0,0.0,15
Candidate_037,Delivery Driver,0.01345612667388411,0.746688534784912,74.67,4
Candidate_037,"Driver, Truck",0.008388968368696428,0.19217096512746512,19.22,14
Candidate_037,Food Service Supervisor,0.010010132961432897,0.3695809049469069,36.96,12
Candidate_037,Information Technology (IT) Analyst,0.01182629117553831,0.5683297062164661,56.83,5
Candidate_037,Inside Sales Representative,0.010930415986510834,0.4702908247338553,47.03,8
Candidate_037,Licensed Practical Nurse (L.P.N.),0.01043478029556392,0.4160516077553772,41.61,11
Candidate_037,Office Administrator,0.010969731315101726,0.4745932441862308,47.46,7
Candidate_037,Office Manager,0.013887066753579896,0.793847875636025,79.38,3
Candidate_037,Restaurant Manager,0.009299911315765791,0.29185876619504714,29.19,13
Candidate_037,Retail Sales Associate,0.010917958705313308,0.46892757912790706,46.89,9
Candidate_037,Secondary School Teacher,0.015380982882388376,0.9573325530677192,95.73,2
Candidate_037,Software Developer,0.015770876223761887,1.0,100.0,1
Candidate_038,Administrative Assistant,0.007755284728742988,0.15947206869328723,15.95,4
Candidate_038,Bookkeeper,0.010172895629452325,0.24158817931406254,24.16,3
Candidate_038,Continuing Care Assistant,0.003060208345838683,0.0,0.0,15
Candidate_038,Delivery Driver,0.006546196531203096,0.11840440964594892,11.84,5
Candidate_038,"Driver, Truck",0.00573357917789032,0.09080320365477183,9.08,6
Candidate_038,Food Service Supervisor,0.004618343202727438,0.052923311287528696,5.29,11
Candidate_038,Information Technology (IT) Analyst,0.032501579624055116,1.0,100.0,1
Candidate_038,Inside Sales Representative,0.005042931254637364,0.0673447880556328,6.73,8
Candidate_038,Licensed Practical Nurse (L.P.N.),0.0048142613924953784,0.05957783114384055,5.96,10
Candidate_038,Office Administrator,0.0037598159050830707,0.02376273688590127,2.38,14
Candidate_038,Office Manager,0.00447202888956231,0.047953627240461746,4.8,12
Candidate_038,Restaurant Manager,0.004290670501242456,0.0417936428224112,4.18,13
Candidate_038,Retail Sales Associate,0.005037183878437195,0.06714957377210448,6.71,9
Candidate_038,Secondary School Teacher,0.005347329353790341,0.07768391581827885,7.77,7
Candidate_038,Software Developer,0.012920121526870202,0.3348999300289669,33.49,2
Candidate_039,Administrative Assistant,0.006666773177370156,0.4055736456946552,40.56,6
Candidate_039,Bookkeeper,0.006878276253107565,0.43645260601769903,43.65,5
Candidate_039,Continuing Care Assistant,0.003888827527482472,0.0,0.0,15
Candidate_039,Delivery Driver,0.008083615502849967,0.612429351220274,61.24,3
Candidate_039,"Driver, Truck",0.004918385905528438,0.150313144123774,15.03,13
Candidate_039,Food Service Supervisor,0.005868861903651174,0.2890804435198188,28.91,10
Candidate_039,Information Technology (IT) Analyst,0.009434286153300801,0.8096241450990758,80.96,2
Candidate_039,Inside Sales Representative,0.0064084165736306665,0.36785417855095837,36.79,7
Candidate_039,Licensed Practical Nurse (L.P.N.),0.006117829282143602,0.3254291054737694,32.54,9
Candidate_039,Office Administrator,0.004648999643811548,0.11098337240236156,11.1,14
Candidate_039,Office Manager,0.005682929749889499,0.26193477871675447,26.19,11
Candidate_039,Restaurant Manager,0.005452464561531608,0.2282873937681705,22.83,12
Candidate_039,Retail Sales Associate,0.0064011129680417184,0.36678786901191274,36.68,8
Candidate_039,Secondary School Teacher,0.007346096092747844,0.5047532215818905,50.48,4
Candidate_039,Software Developer,0.010738251003038178,1.0,100.0,1
Candidate_040,Administrative Assistant,0.004356850442475111,0.17787185782452838,17.79,5
Candidate_040,Bookkeeper,0.005255905444414281,0.2600579353835879,26.01,3
Candidate_040,Continuing Care Assistant,0.0024110636592278153,0.0,0.0,15
Candidate_040,Delivery Driver,0.005157588889007944,0.2510704407024655,25.11,4
Candidate_040,"Driver, Truck",0.0030493873629193384,0.05835162621444062,5.84,14
Candidate_040,Food Service Supervisor,0.003638680182373734,0.11222115061529891,11.22,10
Candidate_040,Information Technology (IT) Analyst,0.00924784816825952,0.6249767819565211,62.5,2
Candidate_040,Inside Sales Representative,0.003973202772475945,0.14280114791924353,14.28,7
Candidate_040,Licensed Practical Nurse (L.P.N.),0.003793039354739734,0.12633171658140943,12.63,9
Candidate_040,Office Administrator,0.00321777569249095,0.07374465142909739,7.37,13
Candidate_040,Office Manager,0.003523402696846639,0.10168319204112013,10.17,11
Candidate_040,Restaurant Manager,0.0033805148376037457,0.0886212629526271,8.86,12
Candidate_040,Retail Sales Associate,0.0039686745546796045,0.14238720610454741,14.24,8
Candidate_040,Secondary School Teacher,0.004213030624655935,0.1647247348161228,16.47,6
Candidate_040,Software Developer,0.013350325254880713,1.0,100.0,1
Candidate_041,Administrative Assistant,0.00748669198895106,0.49610923840590676,49.61,6
Candidate_041,Bookkeeper,0.0070603172630995924,0.4346158716458964,43.46,7
Candidate_041,Continuing Care Assistant,0.004046834136587421,0.0,0.0,15
Candidate_041,Delivery Driver,0.008367455955276718,0.6231363306007025,62.31,5
Candidate_041,"Driver, Truck",0.005118224410504569,0.15451993531165908,15.45,14
Candidate_041,Food Service Supervisor,0.006107319115278005,0.29717089408871705,29.72,12
Candidate_041,Information Technology (IT) Analyst,0.009883812378262124,0.841830957659864,84.18,3
Candidate_041,Inside Sales Representative,0.006668796383579926,0.3781492577057169,37.81,8
Candidate_041,Licensed Practical Nurse (L.P.N.),0.006366402265420198,0.33453684053691896,33.45,10
Candidate_041,Office Administrator,0.009164621916671736,0.7381066040726271,73.81,4
Candidate_041,Office Manager,0.010980504356913404,1.0,100.0,1
Candidate_041,Restaurant Manager,0.005674003169388111,0.23467643846554173,23.47,13
Candidate_041,Retail Sales Associate,0.006661196025834911,0.37705310552317806,37.71,9
Candidate_041,Secondary School Teacher,0.006271331462561595,0.32082537174223874,32.08,11
Candidate_041,Software Developer,0.010832234279899471,0.9786159317789185,97.86,2
Candidate_042,Administrative Assistant,0.010430100943757575,0.4851774858183649,48.52,7
Candidate_042,Bookkeeper,0.00979061428632883,0.4224610660144619,42.25,8
Candidate_042,Continuing Care Assistant,0.005482998898778284,0.0,0.0,15
Candidate_042,Delivery Driver,0.01143981381088378,0.584203126651451,58.42,6
Candidate_042,"Driver, Truck",0.006934610576889517,0.14236401391504627,14.24,14
Candidate_042,Food Service Supervisor,0.013160840800550156,0.7529895273118757,75.3,4
Candidate_042,Information Technology (IT) Analyst,0.015679477897870442,1.0,100.0,1
Candidate_042,Inside Sales Representative,0.009035458828609061,0.3484006518472769,34.84,9
Candidate_042,Licensed Practical Nurse (L.P.N.),0.008625749272717803,0.30821917783769615,30.82,12
Candidate_042,Office Administrator,0.012678641708485145,0.7056987819371299,70.57,5
Candidate_042,Office Manager,0.015019905858291268,0.9353137451037854,93.53,3
Candidate_042,Restaurant Manager,0.007687627434035173,0.21621468895813722,21.62,13
Candidate_042,Retail Sales Associate,0.009025161210337664,0.3473907328083308,34.74,10
Candidate_042,Secondary School Teacher,0.008781425746768509,0.32348684759551805,32.35,11
Candidate_042,Software Developer,0.015465894520808019,0.9790532224818549,97.91,2
Candidate_043,Administrative Assistant,0.021719822864869835,0.5504053140953197,55.04,2
Candidate_043,Bookkeeper,0.009732616775643715,0.18194598847592533,18.19,5
Candidate_043,Continuing Care Assistant,0.006616110066887303,0.08615169315395013,8.62,8
Candidate_043,Delivery Driver,0.005714536927198975,0.05843939484411376,5.84,9
Candidate_043,"Driver, Truck",0.013741743556658866,0.30517738527181226,30.52,4
Candidate_043,Food Service Supervisor,0.004104526512875875,0.008951353420110109,0.9,14
Candidate_043,Information Technology (IT) Analyst,0.03634663180097296,1.0,100.0,1
Candidate_043,Inside Sales Representative,0.00448187675291118,0.020550237591350797,2.06,10
Candidate_043,Licensed Practical Nurse (L.P.N.),0.0042786477007040686,0.01430344088450156,1.43,13
Candidate_043,Office Administrator,0.008715484056375209,0.15068165273184125,15.07,6
Candidate_043,Office Manager,0.007204552105951544,0.10423905690375525,10.42,7
Candidate_043,Restaurant Manager,0.0038133092447446356,0.0,0.0,15
Candidate_043,Retail Sales Associate,0.004476768804680062,0.020393230933875545,2.04,11
Candidate_043,Secondary School Teacher,0.004466557553754324,0.02007936041210238,2.01,12
Candidate_043,Software Developer,0.02128454716563712,0.5370259336622141,53.7,3
Candidate_044,Administrative Assistant,0.004998918242722697,0.3451199852109005,34.51,6
Candidate_044,Bookkeeper,0.00514914236083959,0.37015926735478377,37.02,5
Candidate_044,Continuing Care Assistant,0.0029283578678324096,0.0,0.0,15
Candidate_044,Delivery Driver,0.0060732265447769095,0.5241851647696193,52.42,4
Candidate_044,"Driver, Truck",0.0037036340546617737,0.12922265362442806,12.92,13
Candidate_044,Food Service Supervisor,0.004419359770862522,0.24851946408490624,24.85,10
Candidate_044,Information Technology (IT) Analyst,0.008927895604324203,1.0,100.0,1
Candidate_044,Inside Sales Representative,0.004825654252115339,0.3162404284488035,31.62,7
Candidate_044,Licensed Practical Nurse (L.P.N.),0.004606836735703359,0.27976803240384873,27.98,9
Candidate_044,Office Administrator,0.0034931716518337087,0.09414288380350647,9.41,14
Candidate_044,Office Manager,0.004279349476884917,0.22518261712651455,22.52,11
Candidate_044,Restaurant Manager,0.004105804997779099,0.19625630867940788,19.63,12
Candidate_044,Retail Sales Associate,0.004820154504250772,0.31532373317891377,31.53,8
Candidate_044,Secondary School Teacher,0.007492514489416821,0.7607513815311517,76.08,3
Candidate_044,Software Developer,0.007979551407849826,0.8419304556239166,84.19,2
Candidate_045,Administrative Assistant,0.0110633604438848,0.25069564090015417,25.07,8
Candidate_045,Bookkeeper,0.009883248501334319,0.19345478904427174,19.35,9
Candidate_045,Continuing Care Assistant,0.005894867834506982,0.0,0.0,15
Candidate_045,Delivery Driver,0.012004858112784038,0.29636260404574116,29.64,5
Candidate_045,"Driver, Truck",0.007455520890884448,0.07569884447187623,7.57,14
Candidate_045,Food Service Supervisor,0.01123942762960794,0.2592357084405937,25.92,6
Candidate_045,Information Technology (IT) Analyst,0.017457480608679368,0.5608398500255184,56.08,2
Candidate_045,Inside Sales Representative,0.009714179521474582,0.18525416664512814,18.53,10
Candidate_045,Licensed Practical Nurse (L.P.N.),0.009273693625507748,0.16388857664766512,16.39,12
Candidate_045,Office Administrator,0.013628494654678682,0.37511643697580066,37.51,4
Candidate_045,Office Manager,0.016063724632605286,0.49323628084437304,49.32,3
Candidate_045,Restaurant Manager,0.008265102459653055,0.11496727060353908,11.5,13
Candidate_045,Retail Sales Associate,0.009703108372302253,0.18471716503807886,18.47,11
Candidate_045,Secondary School Teacher,0.011064512986434695,0.2507515445097842,25.08,7
Candidate_045,Software Developer,0.02651147126175325,1.0,100.0,1
Candidate_046,Administrative Assistant,0.004545974400298764,0.3283002794688166,32.83,6
Candidate_046,Bookkeeper,0.004886445026226375,0.3794459516500734,37.94,4
Candidate_046,Continuing Care Assistant,0.0023605186837949528,0.0,0.0,15
Candidate_046,Delivery Driver,0.005232409395814626,0.43141689682382234,43.14,3
Candidate_046,"Driver, Truck",0.002985460718446831,0.09387911321133585,9.39,14
Candidate_046,Food Service Supervisor,0.0035623997408672555,0.18054718928660826,18.05,10
Candidate_046,Information Technology (IT) Analyst,0.007523967887793475,0.7756559896841988,77.57,2
Candidate_046,Inside Sales Representative,0.0038899094775204333,0.229745870028584,22.97,7
Candidate_046,Licensed Practical Nurse (L.P.N.),0.0037135229635953363,0.20324899737230442,20.32,9
Candidate_046,Office Administrator,0.003000443331639942,0.0961298090553772,9.61,13
Candidate_046,Office Manager,0.003449538905622963,0.16359317668778073,16.36,11
Candidate_046,Restaurant Manager,0.0033096465140888733,0.14257846982852934,14.26,12
Candidate_046,Retail Sales Associate,0.003885476188224381,0.22907989903504292,22.91,8
Candidate_046,Secondary School Teacher,0.0046306627571999085,0.3410222079107614,34.1,5
Candidate_046,Software Developer,0.009017399147131249,1.0,100.0,1
Candidate_047,Administrative Assistant,0.014210396676579919,0.5829465759478769,58.29,6
Candidate_047,Bookkeeper,0.01369019111543581,0.528255840924639,52.83,7
Candidate_047,Continuing Care Assistant,0.008665544325827067,0.0,0.0,15
Candidate_047,Delivery Driver,0.017263525107631565,0.9039309146145355,90.39,2
Candidate_047,"Driver, Truck",0.010959727777763184,0.24119422904396304,24.12,13
Candidate_047,Food Service Supervisor,0.013077690540102332,0.4638618606037245,46.39,9
Candidate_047,Information Technology (IT) Analyst,0.010834392293408195,0.22801734229790038,22.8,14
Candidate_047,Inside Sales Representative,0.0142799899159096,0.5902631171305922,59.03,4
Candidate_047,Licensed Practical Nurse (L.P.N.),0.013632469027645021,0.5221873486897404,52.22,8
Candidate_047,Office Administrator,0.011819546059303042,0.33158944454379385,33.16,11
Candidate_047,Office Manager,0.01461159127282865,0.6251253394888456,62.51,3
Candidate_047,Restaurant Manager,0.01214982485313277,0.36631262196890474,36.63,10
Candidate_047,Retail Sales Associate,0.014263715160209552,0.5885521043732475,58.86,5
Candidate_047,Secondary School Teacher,0.011620641553212387,0.3106780309602729,31.07,12
Candidate_047,Software Developer,0.018177311920888187,1.0,100.0,1
Candidate_048,Administrative Assistant,0.004545974400298764,0.3283002794688166,32.83,6
Candidate_048,Bookkeeper,0.004886445026226375,0.3794459516500734,37.94,4
Candidate_048,Continuing Care Assistant,0.0023605186837949528,0.0,0.0,15
Candidate_048,Delivery Driver,0.005232409395814626,0.43141689682382234,43.14,3
Candidate_048,"Driver, Truck",0.002985460718446831,0.09387911321133585,9.39,14
Candidate_048,Food Service Supervisor,0.0035623997408672555,0.18054718928660826,18.05,10
Candidate_048,Information Technology (IT) Analyst,0.007523967887793475,0.7756559896841988,77.57,2
Candidate_048,Inside Sales Representative,0.0038899094775204333,0.229745870028584,22.97,7
Candidate_048,Licensed Practical Nurse (L.P.N.),0.0037135229635953363,0.20324899737230442,20.32,9
Candidate_048,Office Administrator,0.003000443331639942,0.0961298090553772,9.61,13
Candidate_048,Office Manager,0.003449538905622963,0.16359317668778073,16.36,11
Candidate_048,Restaurant Manager,0.0033096465140888733,0.14257846982852934,14.26,12
Candidate_048,Retail Sales Associate,0.003885476188224381,0.22907989903504292,22.91,8
Candidate_048,Secondary School Teacher,0.0046306627571999085,0.3410222079107614,34.1,5
Candidate_048,Software Developer,0.009017399147131249,1.0,100.0,1
Candidate_049,Administrative Assistant,0.00680687717838506,0.4619250085095212,46.19,6
Candidate_049,Bookkeeper,0.0062786457958859156,0.39426155875477403,39.43,7
Candidate_049,Continuing Care Assistant,0.0032007458513491622,0.0,0.0,15
Candidate_049,Delivery Driver,0.006935967068039943,0.4784606925902057,47.85,5
Candidate_049,"Driver, Truck",0.0040481361467438574,0.10854589972263197,10.85,14
Candidate_049,Food Service Supervisor,0.004830436746680149,0.2087541779329551,20.88,12
Candidate_049,Information Technology (IT) Analyst,0.010434493160852971,0.9266020797542103,92.66,2
Candidate_049,Inside Sales Representative,0.005274523649302679,0.2656391961614765,26.56,9
Candidate_049,Licensed Practical Nurse (L.P.N.),0.005035352315241451,0.23500270222871783,23.5,11
Candidate_049,Office Administrator,0.00727500663855982,0.5218897422544027,52.19,4
Candidate_049,Office Manager,0.008107306038561227,0.6285025837074427,62.85,3
Candidate_049,Restaurant Manager,0.004487715950789047,0.164853584138299,16.49,13
Candidate_049,Retail Sales Associate,0.0052685123296636605,0.26486918014608934,26.49,10
Candidate_049,Secondary School Teacher,0.005839434845291355,0.33800112237803537,33.8,8
Candidate_049,Software Developer,0.011007492099342289,1.0,100.0,1
Candidate_050,Administrative Assistant,0.005498845809016778,0.2784438515206583,27.84,5
Candidate_050,Bookkeeper,0.005704293191164682,0.3029190827341607,30.29,4
Candidate_050,Continuing Care Assistant,0.0031615620517732416,0.0,0.0,15
Candidate_050,Delivery Driver,0.006623301188716516,0.412401778458879,41.24,3
Candidate_050,"Driver, Truck",0.003998578523990652,0.09971493173995719,9.97,13
Candidate_050,Food Service Supervisor,0.004771302134269015,0.1917705657809876,19.18,10
Candidate_050,Information Technology (IT) Analyst,0.007067702062924804,0.465343870171199,46.53,2
Candidate_050,Inside Sales Representative,0.005209952487726196,0.24402758999081658,24.4,6
Candidate_050,Licensed Practical Nurse (L.P.N.),0.004973709109227015,0.21588358907449548,21.59,9
Candidate_050,Office Administrator,0.00380776455100394,0.07698299882949246,7.7,14
Candidate_050,Office Manager,0.004620141909912671,0.1737626388717853,17.38,11
Candidate_050,Restaurant Manager,0.004432776955149872,0.15144159227978965,15.14,12
Candidate_050,Retail Sales Associate,0.00520401475916715,0.24332022016285237,24.33,7
Candidate_050,Secondary School Teacher,0.005138060808902256,0.23546303471078853,23.55,8
Candidate_050,Software Developer,0.011555655670572823,1.0,100.0,1
Candidate_051,Administrative Assistant,0.00717527461328377,0.268716715842887,26.87,8
Candidate_051,Bookkeeper,0.007712666605334288,0.31057990609164704,31.06,6
Candidate_051,Continuing Care Assistant,0.0037257952409285025,0.0,0.0,15
Candidate_051,Delivery Driver,0.00825872981194719,0.35311858966796444,35.31,5
Candidate_051,"Driver, Truck",0.00471219118625473,0.07684089404130073,7.68,14
Candidate_051,Food Service Supervisor,0.005622820141999391,0.14777948967408566,14.78,12
Candidate_051,Information Technology (IT) Analyst,0.011875679672304972,0.6348813668664567,63.49,4
Candidate_051,Inside Sales Representative,0.006139754926950305,0.18804905001127734,18.8,9
Candidate_051,Licensed Practical Nurse (L.P.N.),0.005861349998975084,0.16636112269113343,16.64,11
Candidate_051,Office Administrator,0.016562657144123635,1.0,100.0,1
Candidate_051,Office Manager,0.005444682868303095,0.13390247868497807,13.39,13
Candidate_051,Restaurant Manager,0.012609230501250233,0.6920254597512355,69.2,3
Candidate_051,Retail Sales Associate,0.006132757512240442,0.18750394679503715,18.75,10
Candidate_051,Secondary School Teacher,0.007308945013467624,0.2791297280877708,27.91,7
Candidate_051,Software Developer,0.014232881552083812,0.8185089463757544,81.85,2
Candidate_052,Administrative Assistant,0.00666600446466813,0.36375435985751736,36.38,5
Candidate_052,Bookkeeper,0.007007793428061735,0.40560138663829126,40.56,4
Candidate_052,Continuing Care Assistant,0.0036950114180910234,0.0,0.0,15
Candidate_052,Delivery Driver,0.007896969398605519,0.5144678938616855,51.45,3
Candidate_052,"Driver, Truck",0.004673257415267936,0.11977182070359693,11.98,13
Candidate_052,Food Service Supervisor,0.005576362436219728,0.2303437350872085,23.03,10
Candidate_052,Information Technology (IT) Analyst,0.009099868757532697,0.6617452113847568,66.17,2
Candidate_052,Inside Sales Representative,0.006089026125254353,0.2931118564201856,29.31,7
Candidate_052,Licensed Practical Nurse (L.P.N.),0.005812921476125841,0.25930690692252967,25.93,9
Candidate_052,Office Administrator,0.0045358215936656746,0.10294482766636333,10.29,14
Candidate_052,Office Manager,0.005399696994956408,0.20871365265745578,20.87,11
Candidate_052,Restaurant Manager,0.005180718010561542,0.1819028998074705,18.19,12
Candidate_052,Retail Sales Associate,0.006082086525631156,0.29226220461049474,29.23,8
Candidate_052,Secondary School Teacher,0.006436776671195658,0.33568879121803646,33.57,6
Candidate_052,Software Developer,0.01186259200115495,1.0,100.0,1
Candidate_053,Administrative Assistant,0.035752701983203516,0.5554781535293704,55.55,3
Candidate_053,Bookkeeper,0.017356232093823108,0.17910130076953582,17.91,6
Candidate_053,Continuing Care Assistant,0.011792525614414514,0.06527237886272354,6.53,8
Candidate_053,Delivery Driver,0.011475784748138597,0.0587921176437942,5.88,9
Candidate_053,"Driver, Truck",0.023524707170429808,0.30530329765378167,30.53,4
Candidate_053,Food Service Supervisor,0.009698687843627344,0.02243415636148882,2.24,11
Candidate_053,Information Technology (IT) Analyst,0.05747994876739099,1.0,100.0,1
Candidate_053,Inside Sales Representative,0.009145651188190142,0.011119474953267306,1.11,12
Candidate_053,Licensed Practical Nurse (L.P.N.),0.008730945000300116,0.002634922712721477,0.26,14
Candidate_053,Office Administrator,0.02008642625699022,0.23495885891710694,23.5,5
Candidate_053,Office Manager,0.010006160149025053,0.028724790342479063,2.87,10
Candidate_053,Restaurant Manager,0.012735267944828434,0.08456012229492904,8.46,7
Candidate_053,Retail Sales Associate,0.00913522798483481,0.010906224666764238,1.09,13
Candidate_053,Secondary School Teacher,0.008602155793445369,0.0,0.0,15
Candidate_053,Software Developer,0.036178063175722294,0.564180698522462,56.42,2
Candidate_054,Administrative Assistant,0.01317677528452807,0.4054617294028241,40.55,3
Candidate_054,Bookkeeper,0.00909116472183211,0.20536679939974498,20.54,5
Candidate_054,Continuing Care Assistant,0.005163272832455496,0.012996224523941698,1.3,13
Candidate_054,Delivery Driver,0.007087692945181133,0.10724571351543802,10.72,8
Candidate_054,"Driver, Truck",0.005122180623889453,0.010983711958067405,1.1,14
Candidate_054,Food Service Supervisor,0.0071124718825269955,0.10845927502789392,10.85,7
Candidate_054,Information Technology (IT) Analyst,0.025316272463399275,1.0,100.0,1
Candidate_054,Inside Sales Representative,0.005756636309833984,0.04205651346985797,4.21,10
Candidate_054,Licensed Practical Nurse (L.P.N.),0.005495603754579383,0.02927230653905141,2.93,12
Candidate_054,Office Administrator,0.008979896747644728,0.1999173917371808,19.99,6
Candidate_054,Office Manager,0.009964976374352286,0.24816218549046548,24.82,4
Candidate_054,Restaurant Manager,0.00489791122539545,0.0,0.0,15
Candidate_054,Retail Sales Associate,0.005750075531419696,0.04173519589016521,4.17,11
Candidate_054,Secondary School Teacher,0.005804166340645311,0.04438432177226284,4.44,9
Candidate_054,Software Developer,0.018786139898882115,0.6801833169469593,68.02,2
Candidate_055,Administrative Assistant,0.01027404196303543,0.1700303127556927,17.0,4
Candidate_055,Bookkeeper,0.012638079221473739,0.24250077959054622,24.25,3
Candidate_055,Continuing Care Assistant,0.004727534372096874,0.0,0.0,15
Candidate_055,Delivery Driver,0.009790483813783,0.1552066526407623,15.52,5
Candidate_055,"Driver, Truck",0.007842352228038432,0.09548593336246393,9.55,7
Candidate_055,Food Service Supervisor,0.008291102921118452,0.10924255758819915,10.92,6
Candidate_055,Information Technology (IT) Analyst,0.03734823300545192,1.0,100.0,1
Candidate_055,Inside Sales Representative,0.007790525398324137,0.09389716206431332,9.39,8
Candidate_055,Licensed Practical Nurse (L.P.N.),0.0074372668907428125,0.08306788732829912,8.31,10
Candidate_055,Office Administrator,0.00563162918644497,0.02771537251576972,2.77,14
Candidate_055,Office Manager,0.00690857219481961,0.06686054910217647,6.69,12
Candidate_055,Restaurant Manager,0.0066284023770959,0.05827183612356376,5.83,13
Candidate_055,Retail Sales Associate,0.007781646617710192,0.09362497964683233,9.36,9
Candidate_055,Secondary School Teacher,0.0073692787132205615,0.08098368372841876,8.1,11
Candidate_055,Software Developer,0.012773807742653052,0.24666158934832771,24.67,2
Candidate_056,Administrative Assistant,0.007191245906312854,0.3735419295683931,37.35,5
Candidate_056,Bookkeeper,0.0067911655470046265,0.3278657128676346,32.79,7
Candidate_056,Continuing Care Assistant,0.003919372704171538,0.0,0.0,15
Candidate_056,Delivery Driver,0.008082495271551537,0.475293735659161,47.53,3
Candidate_056,"Driver, Truck",0.004957017849333523,0.11846546176588116,11.85,14
Candidate_056,Food Service Supervisor,0.006806659523720825,0.32963462309174374,32.96,6
Candidate_056,Information Technology (IT) Analyst,0.010245029404676535,0.7221850798336087,72.22,2
Candidate_056,Inside Sales Representative,0.006458752109252994,0.2899148665845503,28.99,9
Candidate_056,Licensed Practical Nurse (L.P.N.),0.006165882371424624,0.25647862984132896,25.65,11
Candidate_056,Office Administrator,0.006772431472684769,0.3257268884579547,32.57,8
Candidate_056,Office Manager,0.007937687952273167,0.4587614307325924,45.88,4
Candidate_056,Restaurant Manager,0.005495291478448304,0.17991887320117933,17.99,13
Candidate_056,Retail Sales Associate,0.006451391136778628,0.28907448198169505,28.91,10
Candidate_056,Secondary School Teacher,0.00601458148960599,0.23920497042722225,23.92,12
Candidate_056,Software Developer,0.012678424749337615,1.0,100.0,1
Candidate_057,Administrative Assistant,0.013419038636801835,0.23460838605353232,23.46,6
Candidate_057,Bookkeeper,0.011809572335788882,0.1768576857673497,17.69,8
Candidate_057,Continuing Care Assistant,0.0068806886355544826,0.0,0.0,15
Candidate_057,Delivery Driver,0.014137691502864386,0.26039501249713287,26.04,5
Candidate_057,"Driver, Truck",0.008702335541054255,0.0653641423871743,6.54,14
Candidate_057,Food Service Supervisor,0.010384058207444709,0.12570753796499404,12.57,12
Candidate_057,Information Technology (IT) Analyst,0.018828486813543436,0.42870963574855586,42.87,2
Candidate_057,Inside Sales Representative,0.011338718104226406,0.1599625438259923,16.0,9
Candidate_057,Licensed Practical Nurse (L.P.N.),0.010824568103990732,0.1415138676734916,14.15,11
Candidate_057,Office Administrator,0.01510684919813996,0.29517022683662014,29.52,4
Candidate_057,Office Manager,0.017315067572029323,0.3744052859345737,37.44,3
Candidate_057,Restaurant Manager,0.009647306464265195,0.09927148951905629,9.93,13
Candidate_057,Retail Sales Associate,0.011325795485360102,0.15949885577698447,15.95,10
Candidate_057,Secondary School Teacher,0.012157771414950709,0.1893517284496622,18.94,7
Candidate_057,Software Developer,0.034749897026747495,1.0,100.0,1
Candidate_058,Administrative Assistant,0.005992800932418534,0.30341778386373025,30.34,5
Candidate_058,Bookkeeper,0.006300072436566489,0.3383235706482022,33.83,4
Candidate_058,Continuing Care Assistant,0.003321850141115295,0.0,0.0,15
Candidate_058,Delivery Driver,0.007099450026786004,0.4291321986785183,42.91,3
Candidate_058,"Driver, Truck",0.0042013025259868015,0.0999050579667118,9.99,13
Candidate_058,Food Service Supervisor,0.005013202463995801,0.19213621426951707,19.21,10
Candidate_058,Information Technology (IT) Analyst,0.012124731624498635,1.0,100.0,1
Candidate_058,Inside Sales Representative,0.005474091959337112,0.24449287682498874,24.45,7
Candidate_058,Licensed Practical Nurse (L.P.N.),0.005225871273690628,0.21629521380805108,21.63,9
Candidate_058,Office Administrator,0.004077746425145405,0.08586918788546333,8.59,14
Candidate_058,Office Manager,0.004854378564800937,0.1740939516882628,17.41,11
Candidate_058,Restaurant Manager,0.004657514390944291,0.15173034560901988,15.17,12
Candidate_058,Retail Sales Associate,0.005467853193774783,0.24378415825663066,24.38,8
Candidate_058,Secondary School Teacher,0.005786722982465277,0.2800075004988732,28.0,6
Candidate_058,Software Developer,0.010664582176957973,0.8341282396795986,83.41,2
Candidate_059,Administrative Assistant,0.028908209153207222,0.5602060014611093,56.02,2
Candidate_059,Bookkeeper,0.013614637962884668,0.1860030788333551,18.6,5
Candidate_059,Continuing Care Assistant,0.009250894853032189,0.07923106299857065,7.92,8
Candidate_059,Delivery Driver,0.008882479808823457,0.07021668796691179,7.02,9
Candidate_059,"Driver, Truck",0.018544486499542958,0.30662655568989317,30.66,4
Candidate_059,Food Service Supervisor,0.006471928004945764,0.01123533436864781,1.12,14
Candidate_059,Information Technology (IT) Analyst,0.04688246969211269,1.0,100.0,1
Candidate_059,Inside Sales Representative,0.00706692564438027,0.02579372971413093,2.58,10
Candidate_059,Licensed Practical Nurse (L.P.N.),0.006746478501385398,0.017953032733410503,1.8,12
Candidate_059,Office Administrator,0.012025806121332198,0.14712755974928485,14.71,6
Candidate_059,Office Manager,0.010380738170180322,0.10687605618732965,10.69,7
Candidate_059,Restaurant Manager,0.00601274295955016,0.0,0.0,15
Candidate_059,Retail Sales Associate,0.007058871542865497,0.02559666205161691,2.56,11
Candidate_059,Secondary School Teacher,0.0066885552108080885,0.01653576633091314,1.65,13
Candidate_059,Software Developer,0.028544201682979064,0.551299470898522,55.13,3
Candidate_060,Administrative Assistant,0.008211530122817372,0.4558368059895009,45.58,7
Candidate_060,Bookkeeper,0.007574294016518436,0.3890651650299504,38.91,8
Candidate_060,Continuing Care Assistant,0.0038612450739227318,0.0,0.0,15
Candidate_060,Delivery Driver,0.008367258732232905,0.47215454864758255,47.22,6
Candidate_060,"Driver, Truck",0.004883501059165517,0.10711525750137282,10.71,14
Candidate_060,Food Service Supervisor,0.009570265528794008,0.598209455295001,59.82,5
Candidate_060,Information Technology (IT) Analyst,0.012587733355724287,0.9143894023431769,91.44,3
Candidate_060,Inside Sales Representative,0.006362963322931202,0.2621380537818837,26.21,10
Candidate_060,Licensed Practical Nurse (L.P.N.),0.006074437092372102,0.2319053508890771,23.19,12
Candidate_060,Office Administrator,0.01156064517206406,0.8067678116089798,80.68,4
Candidate_060,Office Manager,0.013404759313522856,1.0,100.0,1
Candidate_060,Restaurant Manager,0.005413791632611066,0.16268080286883782,16.27,13
Candidate_060,Retail Sales Associate,0.006355711519938422,0.26137818662910167,26.14,11
Candidate_060,Secondary School Teacher,0.007044448412350482,0.3335462449690993,33.35,9
Candidate_060,Software Developer,0.01327897515727883,0.9868199330889985,98.68,2
Candidate_061,Administrative Assistant,0.009282346151968867,0.41992787066077114,41.99,5
Candidate_061,Bookkeeper,0.008861548752976513,0.3745924421907224,37.46,8
Candidate_061,Continuing Care Assistant,0.005384631677842047,0.0,0.0,15
Candidate_061,Delivery Driver,0.010889656955202285,0.5930946348176219,59.31,3
Candidate_061,"Driver, Truck",0.0068102008545246895,0.15358647556606345,15.36,14
Candidate_061,Food Service Supervisor,0.008126269292209675,0.29537567545472676,29.54,12
Candidate_061,Information Technology (IT) Analyst,0.011593913241695043,0.6689690593680807,66.9,2
Candidate_061,Inside Sales Representative,0.00887335903773511,0.375864846253025,37.59,6
Candidate_061,Licensed Practical Nurse (L.P.N.),0.00847099983721471,0.3325158930557407,33.25,10
Candidate_061,Office Administrator,0.008188906701901796,0.3021240389509039,30.21,11
Candidate_061,Office Manager,0.009866083733689862,0.48281797750259664,48.28,4
Candidate_061,Restaurant Manager,0.00754970828427067,0.23325875078591973,23.33,13
Candidate_061,Retail Sales Associate,0.008863246162906185,0.37477531595998825,37.48,7
Candidate_061,Secondary School Teacher,0.008591143834398964,0.34545984091163373,34.55,9
Candidate_061,Software Developer,0.014666498270772948,1.0,100.0,1
Candidate_062,Administrative Assistant,0.00806531417550917,0.1888387979086318,18.88,4
Candidate_062,Bookkeeper,0.009962076539187091,0.27048529982236624,27.05,3
Candidate_062,Continuing Care Assistant,0.0036783249441307104,0.0,0.0,15
Candidate_062,Delivery Driver,0.0076311197990298904,0.17014881719781258,17.01,5
Candidate_062,"Driver, Truck",0.006144352082766812,0.10615061398812234,10.62,7
Candidate_062,Food Service Supervisor,0.006477389041145912,0.12048625411908642,12.05,6
Candidate_062,Information Technology (IT) Analyst,0.026909722728716643,1.0,100.0,1
Candidate_062,Inside Sales Representative,0.006061528408904882,0.1025854529663915,10.26,8
Candidate_062,Licensed Practical Nurse (L.P.N.),0.005786670633606163,0.09075414699645594,9.08,10
Candidate_062,Office Administrator,0.004389165942604986,0.03059828793194353,3.06,14
Candidate_062,Office Manager,0.005375312252095053,0.07304714609511342,7.3,12
Candidate_062,Restaurant Manager,0.005157322165083041,0.06366372073976742,6.37,13
Candidate_062,Retail Sales Associate,0.006054620148142465,0.10228808554896467,10.23,9
Candidate_062,Secondary School Teacher,0.0057710949963352695,0.0900836906849021,9.01,11
Candidate_062,Software Developer,0.012485144029945211,0.37909122677318363,37.91,2
Candidate_063,Administrative Assistant,0.008411841846757436,0.5349100942695931,53.49,6
Candidate_063,Bookkeeper,0.008008204570673564,0.4750701648778787,47.51,7
Candidate_063,Continuing Care Assistant,0.004803721723697238,0.0,0.0,15
Candidate_063,Delivery Driver,0.009761850038874838,0.7350511607199448,73.51,4
Candidate_063,"Driver, Truck",0.0060754962910912385,0.18854279528737458,18.85,14
Candidate_063,Food Service Supervisor,0.007249583382320712,0.36260325204334604,36.26,12
Candidate_063,Information Technology (IT) Analyst,0.010868359509640407,0.8990931175091792,89.91,3
Candidate_063,Inside Sales Representative,0.007916074881618622,0.4614117779681852,46.14,8
Candidate_063,Licensed Practical Nurse (L.P.N.),0.00755712337891456,0.40819659233107486,40.82,11
Candidate_063,Office Administrator,0.009280013084527325,0.6636179927870539,66.36,5
Candidate_063,Office Manager,0.011281520391621535,0.9603449380670798,96.03,2
Candidate_063,Restaurant Manager,0.006735223477209553,0.28634849999862916,28.63,13
Candidate_063,Retail Sales Associate,0.007907053013566877,0.460074270311718,46.01,9
Candidate_063,Secondary School Teacher,0.007899319983905695,0.45892783519205116,45.89,10
Candidate_063,Software Developer,0.011549005018429225,1.0,100.0,1
