candidate_id,recommended_occupation,recommendation_rank,recommendation_score,recommendation_percentage,skill_percentage,semantic_percentage,demand_percentage,education_percentage,recommendation_label,recommendation_summary
Candidate_001,Software Developer,1,0.8458171720921132,84.58,100.0,100.0,22.91,100.0,Rank 1: Software Developer,Software Developer — Overall Match: 84.58% | Skill: 100.0% | Semantic: 100.0% | Demand: 22.91% | Education: 100.0%
Candidate_001,Information Technology (IT) Analyst,2,0.6529899715245859,65.3,69.68,73.1,26.64,100.0,Rank 2: Information Technology (IT) Analyst,Information Technology (IT) Analyst — Overall Match: 65.3% | Skill: 69.68% | Semantic: 73.1% | Demand: 26.64% | Education: 100.0%
Candidate_001,Bookkeeper,3,0.6034287504596646,60.34,61.28,65.46,29.92,100.0,Rank 3: Bookkeeper,Bookkeeper — Overall Match: 60.34% | Skill: 61.28% | Semantic: 65.46% | Demand: 29.92% | Education: 100.0%
Candidate_001,Secondary School Teacher,4,0.5919833667651913,59.2,62.29,57.5,36.36,100.0,Rank 4: Secondary School Teacher,Secondary School Teacher — Overall Match: 59.2% | Skill: 62.29% | Semantic: 57.5% | Demand: 36.36% | Education: 100.0%
Candidate_001,Office Administrator,5,0.4657840128858145,46.58,43.62,59.26,52.86,0.0,Rank 5: Office Administrator,Office Administrator — Overall Match: 46.58% | Skill: 43.62% | Semantic: 59.26% | Demand: 52.86% | Education: 0.0%
Candidate_002,Software Developer,1,0.7824589991056498,78.25,81.9,100.0,22.91,100.0,Rank 1: Software Developer,Software Developer — Overall Match: 78.25% | Skill: 81.9% | Semantic: 100.0% | Demand: 22.91% | Education: 100.0%
Candidate_002,Office Manager,2,0.671261690061087,67.13,100.0,33.01,52.86,100.0,Rank 2: Office Manager,Office Manager — Overall Match: 67.13% | Skill: 100.0% | Semantic: 33.01% | Demand: 52.86% | Education: 100.0%
Candidate_002,Information Technology (IT) Analyst,3,0.6341549727581229,63.42,61.55,75.84,26.64,100.0,Rank 3: Information Technology (IT) Analyst,Information Technology (IT) Analyst — Overall Match: 63.42% | Skill: 61.55% | Semantic: 75.84% | Demand: 26.64% | Education: 100.0%
Candidate_002,Office Administrator,4,0.6221238190657665,62.21,81.98,36.99,52.86,100.0,Rank 4: Office Administrator,Office Administrator — Overall Match: 62.21% | Skill: 81.98% | Semantic: 36.99% | Demand: 52.86% | Education: 100.0%
Candidate_002,Secondary School Teacher,5,0.6100594939571804,61.01,78.23,46.73,36.36,100.0,Rank 5: Secondary School Teacher,Secondary School Teacher — Overall Match: 61.01% | Skill: 78.23% | Semantic: 46.73% | Demand: 36.36% | Education: 100.0%
Candidate_003,Administrative Assistant,1,0.7433365831407092,74.33,100.0,58.76,43.85,100.0,Rank 1: Administrative Assistant,Administrative Assistant — Overall Match: 74.33% | Skill: 100.0% | Semantic: 58.76% | Demand: 43.85% | Education: 100.0%
Candidate_003,Office Manager,2,0.6736385974099597,67.36,88.03,45.66,52.86,100.0,Rank 2: Office Manager,Office Manager — Overall Match: 67.36% | Skill: 88.03% | Semantic: 45.66% | Demand: 52.86% | Education: 100.0%
Candidate_003,Office Administrator,3,0.6509644534327194,65.1,71.26,55.95,52.86,100.0,Rank 3: Office Administrator,Office Administrator — Overall Match: 65.1% | Skill: 71.26% | Semantic: 55.95% | Demand: 52.86% | Education: 100.0%
Candidate_003,"Driver, Truck",4,0.5690717532392499,56.91,69.59,13.69,88.8,100.0,"Rank 4: Driver, Truck","Driver, Truck — Overall Match: 56.91% | Skill: 69.59% | Semantic: 13.69% | Demand: 88.8% | Education: 100.0%"
Candidate_003,Inside Sales Representative,5,0.5016725733595636,50.17,58.38,35.56,86.44,0.0,Rank 5: Inside Sales Representative,Inside Sales Representative — Overall Match: 50.17% | Skill: 58.38% | Semantic: 35.56% | Demand: 86.44% | Education: 0.0%
Candidate_004,Software Developer,1,0.8458171720921132,84.58,100.0,100.0,22.91,100.0,Rank 1: Software Developer,Software Developer — Overall Match: 84.58% | Skill: 100.0% | Semantic: 100.0% | Demand: 22.91% | Education: 100.0%
Candidate_004,Information Technology (IT) Analyst,2,0.6992755023728969,69.93,74.24,81.76,26.64,100.0,Rank 2: Information Technology (IT) Analyst,Information Technology (IT) Analyst — Overall Match: 69.93% | Skill: 74.24% | Semantic: 81.76% | Demand: 26.64% | Education: 100.0%
Candidate_004,Secondary School Teacher,3,0.571702112812933,57.17,76.52,37.48,36.36,100.0,Rank 3: Secondary School Teacher,Secondary School Teacher — Overall Match: 57.17% | Skill: 76.52% | Semantic: 37.48% | Demand: 36.36% | Education: 100.0%
Candidate_004,Bookkeeper,4,0.5533414265204007,55.33,72.19,40.24,29.92,100.0,Rank 4: Bookkeeper,Bookkeeper — Overall Match: 55.33% | Skill: 72.19% | Semantic: 40.24% | Demand: 29.92% | Education: 100.0%
Candidate_004,Licensed Practical Nurse (L.P.N.),5,0.4609505729240499,46.1,72.05,13.71,30.39,100.0,Rank 5: Licensed Practical Nurse (L.P.N.),Licensed Practical Nurse (L.P.N.) — Overall Match: 46.1% | Skill: 72.05% | Semantic: 13.71% | Demand: 30.39% | Education: 100.0%
Candidate_005,Software Developer,1,0.8458171720921132,84.58,100.0,100.0,22.91,100.0,Rank 1: Software Developer,Software Developer — Overall Match: 84.58% | Skill: 100.0% | Semantic: 100.0% | Demand: 22.91% | Education: 100.0%
Candidate_005,Office Manager,2,0.6546004372927443,65.46,92.47,35.78,52.86,100.0,Rank 2: Office Manager,Office Manager — Overall Match: 65.46% | Skill: 92.47% | Semantic: 35.78% | Demand: 52.86% | Education: 100.0%
Candidate_005,Office Administrator,3,0.6273969522166322,62.74,75.19,45.29,52.86,100.0,Rank 3: Office Administrator,Office Administrator — Overall Match: 62.74% | Skill: 75.19% | Semantic: 45.29% | Demand: 52.86% | Education: 100.0%
Candidate_005,Secondary School Teacher,4,0.6194622770021931,61.95,82.18,45.46,36.36,100.0,Rank 4: Secondary School Teacher,Secondary School Teacher — Overall Match: 61.95% | Skill: 82.18% | Semantic: 45.46% | Demand: 36.36% | Education: 100.0%
Candidate_005,Bookkeeper,5,0.5969300806108413,59.69,92.61,32.28,29.92,100.0,Rank 5: Bookkeeper,Bookkeeper — Overall Match: 59.69% | Skill: 92.61% | Semantic: 32.28% | Demand: 29.92% | Education: 100.0%
Candidate_006,Software Developer,1,0.8458171720921132,84.58,100.0,100.0,22.91,100.0,Rank 1: Software Developer,Software Developer — Overall Match: 84.58% | Skill: 100.0% | Semantic: 100.0% | Demand: 22.91% | Education: 100.0%
Candidate_006,Information Technology (IT) Analyst,2,0.7568064072677244,75.68,81.55,90.89,26.64,100.0,Rank 2: Information Technology (IT) Analyst,Information Technology (IT) Analyst — Overall Match: 75.68% | Skill: 81.55% | Semantic: 90.89% | Demand: 26.64% | Education: 100.0%
Candidate_006,Administrative Assistant,3,0.610374921176186,61.04,70.54,50.23,43.85,100.0,Rank 3: Administrative Assistant,Administrative Assistant — Overall Match: 61.04% | Skill: 70.54% | Semantic: 50.23% | Demand: 43.85% | Education: 100.0%
Candidate_006,Retail Sales Associate,4,0.5505198690039517,55.05,73.75,34.15,86.44,0.0,Rank 4: Retail Sales Associate,Retail Sales Associate — Overall Match: 55.05% | Skill: 73.75% | Semantic: 34.15% | Demand: 86.44% | Education: 0.0%
Candidate_006,Inside Sales Representative,5,0.5482584738154712,54.83,73.75,33.5,86.44,0.0,Rank 5: Inside Sales Representative,Inside Sales Representative — Overall Match: 54.83% | Skill: 73.75% | Semantic: 33.5% | Demand: 86.44% | Education: 0.0%
Candidate_007,Food Service Supervisor,1,0.7431132210509125,74.31,100.0,44.7,68.33,100.0,Rank 1: Food Service Supervisor,Food Service Supervisor — Overall Match: 74.31% | Skill: 100.0% | Semantic: 44.7% | Demand: 68.33% | Education: 100.0%
Candidate_007,Administrative Assistant,2,0.6991469091471364,69.91,100.0,46.13,43.85,100.0,Rank 2: Administrative Assistant,Administrative Assistant — Overall Match: 69.91% | Skill: 100.0% | Semantic: 46.13% | Demand: 43.85% | Education: 100.0%
Candidate_007,Software Developer,3,0.3958171720921131,39.58,0.0,100.0,22.91,0.0,Rank 3: Software Developer,Software Developer — Overall Match: 39.58% | Skill: 0.0% | Semantic: 100.0% | Demand: 22.91% | Education: 0.0%
Candidate_007,Information Technology (IT) Analyst,4,0.3875956629582961,38.76,0.0,95.52,26.64,0.0,Rank 4: Information Technology (IT) Analyst,Information Technology (IT) Analyst — Overall Match: 38.76% | Skill: 0.0% | Semantic: 95.52% | Demand: 26.64% | Education: 0.0%
Candidate_007,Bookkeeper,5,0.3060032199596656,30.6,0.0,41.76,29.92,100.0,Rank 5: Bookkeeper,Bookkeeper — Overall Match: 30.6% | Skill: 0.0% | Semantic: 41.76% | Demand: 29.92% | Education: 100.0%
Candidate_008,Software Developer,1,0.8458171720921132,84.58,100.0,100.0,22.91,100.0,Rank 1: Software Developer,Software Developer — Overall Match: 84.58% | Skill: 100.0% | Semantic: 100.0% | Demand: 22.91% | Education: 100.0%
Candidate_008,Information Technology (IT) Analyst,2,0.7007997630592073,70.08,78.79,77.64,26.64,100.0,Rank 2: Information Technology (IT) Analyst,Information Technology (IT) Analyst — Overall Match: 70.08% | Skill: 78.79% | Semantic: 77.64% | Demand: 26.64% | Education: 100.0%
Candidate_008,Secondary School Teacher,3,0.6099978664564449,61.0,87.07,37.86,36.36,100.0,Rank 3: Secondary School Teacher,Secondary School Teacher — Overall Match: 61.0% | Skill: 87.07% | Semantic: 37.86% | Demand: 36.36% | Education: 100.0%
Candidate_008,Restaurant Manager,4,0.577557406722316,57.76,81.33,21.6,58.65,100.0,Rank 4: Restaurant Manager,Restaurant Manager — Overall Match: 57.76% | Skill: 81.33% | Semantic: 21.6% | Demand: 58.65% | Education: 100.0%
Candidate_008,Food Service Supervisor,5,0.5525408142064236,55.25,63.75,55.07,68.33,0.0,Rank 5: Food Service Supervisor,Food Service Supervisor — Overall Match: 55.25% | Skill: 63.75% | Semantic: 55.07% | Demand: 68.33% | Education: 0.0%
Candidate_009,Administrative Assistant,1,0.7418403252215322,74.18,100.0,58.33,43.85,100.0,Rank 1: Administrative Assistant,Administrative Assistant — Overall Match: 74.18% | Skill: 100.0% | Semantic: 58.33% | Demand: 43.85% | Education: 100.0%
Candidate_009,Office Administrator,2,0.5374258216714608,53.74,54.95,39.82,52.86,100.0,Rank 2: Office Administrator,Office Administrator — Overall Match: 53.74% | Skill: 54.95% | Semantic: 39.82% | Demand: 52.86% | Education: 100.0%
Candidate_009,"Driver, Truck",3,0.5200147910672025,52.0,47.6,21.66,88.8,100.0,"Rank 3: Driver, Truck","Driver, Truck — Overall Match: 52.0% | Skill: 47.6% | Semantic: 21.66% | Demand: 88.8% | Education: 100.0%"
Candidate_009,Software Developer,4,0.4933658316587673,49.34,27.87,100.0,22.91,0.0,Rank 4: Software Developer,Software Developer — Overall Match: 49.34% | Skill: 27.87% | Semantic: 100.0% | Demand: 22.91% | Education: 0.0%
Candidate_009,Information Technology (IT) Analyst,5,0.4586776256388556,45.87,41.56,74.27,26.64,0.0,Rank 5: Information Technology (IT) Analyst,Information Technology (IT) Analyst — Overall Match: 45.87% | Skill: 41.56% | Semantic: 74.27% | Demand: 26.64% | Education: 0.0%
Candidate_010,Food Service Supervisor,1,0.7210987430006056,72.11,92.66,45.75,68.33,100.0,Rank 1: Food Service Supervisor,Food Service Supervisor — Overall Match: 72.11% | Skill: 92.66% | Semantic: 45.75% | Demand: 68.33% | Education: 100.0%
Candidate_010,Office Manager,2,0.7183284037038542,71.83,100.0,46.46,52.86,100.0,Rank 2: Office Manager,Office Manager — Overall Match: 71.83% | Skill: 100.0% | Semantic: 46.46% | Demand: 52.86% | Education: 100.0%
Candidate_010,Administrative Assistant,3,0.7033111293405017,70.33,89.8,57.52,43.85,100.0,Rank 3: Administrative Assistant,Administrative Assistant — Overall Match: 70.33% | Skill: 89.8% | Semantic: 57.52% | Demand: 43.85% | Education: 100.0%
Candidate_010,Office Administrator,4,0.5900136329977571,59.0,85.64,52.73,52.86,0.0,Rank 4: Office Administrator,Office Administrator — Overall Match: 59.0% | Skill: 85.64% | Semantic: 52.73% | Demand: 52.86% | Education: 0.0%
Candidate_010,Retail Sales Associate,5,0.5761875662238991,57.62,87.61,27.62,86.44,0.0,Rank 5: Retail Sales Associate,Retail Sales Associate — Overall Match: 57.62% | Skill: 87.61% | Semantic: 27.62% | Demand: 86.44% | Education: 0.0%
Candidate_011,Office Manager,1,0.7173995223248091,71.74,100.0,46.19,52.86,100.0,Rank 1: Office Manager,Office Manager — Overall Match: 71.74% | Skill: 100.0% | Semantic: 46.19% | Demand: 52.86% | Education: 100.0%
Candidate_011,Software Developer,2,0.6449509760619834,64.5,42.61,100.0,22.91,100.0,Rank 2: Software Developer,Software Developer — Overall Match: 64.5% | Skill: 42.61% | Semantic: 100.0% | Demand: 22.91% | Education: 100.0%
Candidate_011,Office Administrator,3,0.6151702073663127,61.52,63.89,53.09,52.86,100.0,Rank 3: Office Administrator,Office Administrator — Overall Match: 61.52% | Skill: 63.89% | Semantic: 53.09% | Demand: 52.86% | Education: 100.0%
Candidate_011,"Driver, Truck",4,0.5957348054574166,59.57,71.43,19.46,88.8,100.0,"Rank 4: Driver, Truck","Driver, Truck — Overall Match: 59.57% | Skill: 71.43% | Semantic: 19.46% | Demand: 88.8% | Education: 100.0%"
Candidate_011,Secondary School Teacher,5,0.5628793829164142,56.29,63.7,47.77,36.36,100.0,Rank 5: Secondary School Teacher,Secondary School Teacher — Overall Match: 56.29% | Skill: 63.7% | Semantic: 47.77% | Demand: 36.36% | Education: 100.0%
Candidate_012,Software Developer,1,0.8458171720921132,84.58,100.0,100.0,22.91,100.0,Rank 1: Software Developer,Software Developer — Overall Match: 84.58% | Skill: 100.0% | Semantic: 100.0% | Demand: 22.91% | Education: 100.0%
Candidate_012,Information Technology (IT) Analyst,2,0.7706076716664401,77.06,78.79,97.59,26.64,100.0,Rank 2: Information Technology (IT) Analyst,Information Technology (IT) Analyst — Overall Match: 77.06% | Skill: 78.79% | Semantic: 97.59% | Demand: 26.64% | Education: 100.0%
Candidate_012,Secondary School Teacher,3,0.6358993310217702,63.59,87.07,45.26,36.36,100.0,Rank 3: Secondary School Teacher,Secondary School Teacher — Overall Match: 63.59% | Skill: 87.07% | Semantic: 45.26% | Demand: 36.36% | Education: 100.0%
Candidate_012,Restaurant Manager,4,0.5683402876866298,56.83,81.33,18.97,58.65,100.0,Rank 4: Restaurant Manager,Restaurant Manager — Overall Match: 56.83% | Skill: 81.33% | Semantic: 18.97% | Demand: 58.65% | Education: 100.0%
Candidate_012,Food Service Supervisor,5,0.5422318740592976,54.22,63.75,52.13,68.33,0.0,Rank 5: Food Service Supervisor,Food Service Supervisor — Overall Match: 54.22% | Skill: 63.75% | Semantic: 52.13% | Demand: 68.33% | Education: 0.0%
Candidate_013,Software Developer,1,0.8458171720921132,84.58,100.0,100.0,22.91,100.0,Rank 1: Software Developer,Software Developer — Overall Match: 84.58% | Skill: 100.0% | Semantic: 100.0% | Demand: 22.91% | Education: 100.0%
Candidate_013,Secondary School Teacher,2,0.6420078693737228,64.2,82.18,51.9,36.36,100.0,Rank 2: Secondary School Teacher,Secondary School Teacher — Overall Match: 64.2% | Skill: 82.18% | Semantic: 51.9% | Demand: 36.36% | Education: 100.0%
Candidate_013,Office Manager,3,0.6418549895531888,64.19,92.47,32.14,52.86,100.0,Rank 3: Office Manager,Office Manager — Overall Match: 64.19% | Skill: 92.47% | Semantic: 32.14% | Demand: 52.86% | Education: 100.0%
Candidate_013,Office Administrator,4,0.6099653767450535,61.0,75.19,40.31,52.86,100.0,Rank 4: Office Administrator,Office Administrator — Overall Match: 61.0% | Skill: 75.19% | Semantic: 40.31% | Demand: 52.86% | Education: 100.0%
Candidate_013,Bookkeeper,5,0.5867856876671061,58.68,92.61,29.38,29.92,100.0,Rank 5: Bookkeeper,Bookkeeper — Overall Match: 58.68% | Skill: 92.61% | Semantic: 29.38% | Demand: 29.92% | Education: 100.0%
Candidate_014,Software Developer,1,0.8458171720921132,84.58,100.0,100.0,22.91,100.0,Rank 1: Software Developer,Software Developer — Overall Match: 84.58% | Skill: 100.0% | Semantic: 100.0% | Demand: 22.91% | Education: 100.0%
Candidate_014,Information Technology (IT) Analyst,2,0.7180046448235917,71.8,74.9,86.45,26.64,100.0,Rank 2: Information Technology (IT) Analyst,Information Technology (IT) Analyst — Overall Match: 71.8% | Skill: 74.9% | Semantic: 86.45% | Demand: 26.64% | Education: 100.0%
Candidate_014,Secondary School Teacher,3,0.5869544255161661,58.7,75.27,43.09,36.36,100.0,Rank 3: Secondary School Teacher,Secondary School Teacher — Overall Match: 58.7% | Skill: 75.27% | Semantic: 43.09% | Demand: 36.36% | Education: 100.0%
Candidate_014,Bookkeeper,4,0.4991491370002179,49.91,63.86,33.09,29.92,100.0,Rank 4: Bookkeeper,Bookkeeper — Overall Match: 49.91% | Skill: 63.86% | Semantic: 33.09% | Demand: 29.92% | Education: 100.0%
Candidate_014,Licensed Practical Nurse (L.P.N.),5,0.4938523045908566,49.39,74.18,20.98,30.39,100.0,Rank 5: Licensed Practical Nurse (L.P.N.),Licensed Practical Nurse (L.P.N.) — Overall Match: 49.39% | Skill: 74.18% | Semantic: 20.98% | Demand: 30.39% | Education: 100.0%
Candidate_015,Food Service Supervisor,1,0.7574532664822402,75.75,100.0,48.8,68.33,100.0,Rank 1: Food Service Supervisor,Food Service Supervisor — Overall Match: 75.75% | Skill: 100.0% | Semantic: 48.8% | Demand: 68.33% | Education: 100.0%
Candidate_015,Administrative Assistant,2,0.7155093291691262,71.55,100.0,50.81,43.85,100.0,Rank 2: Administrative Assistant,Administrative Assistant — Overall Match: 71.55% | Skill: 100.0% | Semantic: 50.81% | Demand: 43.85% | Education: 100.0%
Candidate_015,Software Developer,3,0.3958171720921131,39.58,0.0,100.0,22.91,0.0,Rank 3: Software Developer,Software Developer — Overall Match: 39.58% | Skill: 0.0% | Semantic: 100.0% | Demand: 22.91% | Education: 0.0%
Candidate_015,Information Technology (IT) Analyst,4,0.3538116794503082,35.38,0.0,85.87,26.64,0.0,Rank 4: Information Technology (IT) Analyst,Information Technology (IT) Analyst — Overall Match: 35.38% | Skill: 0.0% | Semantic: 85.87% | Demand: 26.64% | Education: 0.0%
Candidate_015,Bookkeeper,5,0.3210759622947202,32.11,0.0,46.07,29.92,100.0,Rank 5: Bookkeeper,Bookkeeper — Overall Match: 32.11% | Skill: 0.0% | Semantic: 46.07% | Demand: 29.92% | Education: 100.0%
Candidate_016,Software Developer,1,0.8458171720921132,84.58,100.0,100.0,22.91,100.0,Rank 1: Software Developer,Software Developer — Overall Match: 84.58% | Skill: 100.0% | Semantic: 100.0% | Demand: 22.91% | Education: 100.0%
Candidate_016,Information Technology (IT) Analyst,2,0.7386247567593165,73.86,77.38,89.86,26.64,100.0,Rank 2: Information Technology (IT) Analyst,Information Technology (IT) Analyst — Overall Match: 73.86% | Skill: 77.38% | Semantic: 89.86% | Demand: 26.64% | Education: 100.0%
Candidate_016,Inside Sales Representative,3,0.5446658543231258,54.47,77.67,28.55,86.44,0.0,Rank 3: Inside Sales Representative,Inside Sales Representative — Overall Match: 54.47% | Skill: 77.67% | Semantic: 28.55% | Demand: 86.44% | Education: 0.0%
Candidate_016,Retail Sales Associate,4,0.5414077701172073,54.14,77.67,27.62,86.44,0.0,Rank 4: Retail Sales Associate,Retail Sales Associate — Overall Match: 54.14% | Skill: 77.67% | Semantic: 27.62% | Demand: 86.44% | Education: 0.0%
Candidate_016,Licensed Practical Nurse (L.P.N.),5,0.5099512336376286,51.0,79.48,20.28,30.39,100.0,Rank 5: Licensed Practical Nurse (L.P.N.),Licensed Practical Nurse (L.P.N.) — Overall Match: 51.0% | Skill: 79.48% | Semantic: 20.28% | Demand: 30.39% | Education: 100.0%
Candidate_017,Administrative Assistant,1,0.7025427323425103,70.25,100.0,47.1,43.85,100.0,Rank 1: Administrative Assistant,Administrative Assistant — Overall Match: 70.25% | Skill: 100.0% | Semantic: 47.1% | Demand: 43.85% | Education: 100.0%
Candidate_017,Office Administrator,2,0.6860714133246636,68.61,92.96,44.28,52.86,100.0,Rank 2: Office Administrator,Office Administrator — Overall Match: 68.61% | Skill: 92.96% | Semantic: 44.28% | Demand: 52.86% | Education: 100.0%
Candidate_017,Office Manager,3,0.6565411883185116,65.65,89.32,39.49,52.86,100.0,Rank 3: Office Manager,Office Manager — Overall Match: 65.65% | Skill: 89.32% | Semantic: 39.49% | Demand: 52.86% | Education: 100.0%
Candidate_017,Inside Sales Representative,4,0.6086784973140207,60.87,99.78,24.74,86.44,0.0,Rank 4: Inside Sales Representative,Inside Sales Representative — Overall Match: 60.87% | Skill: 99.78% | Semantic: 24.74% | Demand: 86.44% | Education: 0.0%
Candidate_017,Retail Sales Associate,5,0.6028070595623055,60.28,99.78,23.06,86.44,0.0,Rank 5: Retail Sales Associate,Retail Sales Associate — Overall Match: 60.28% | Skill: 99.78% | Semantic: 23.06% | Demand: 86.44% | Education: 0.0%
Candidate_018,Food Service Supervisor,1,0.7854482656329288,78.54,100.0,56.79,68.33,100.0,Rank 1: Food Service Supervisor,Food Service Supervisor — Overall Match: 78.54% | Skill: 100.0% | Semantic: 56.79% | Demand: 68.33% | Education: 100.0%
Candidate_018,Administrative Assistant,2,0.6941560418584811,69.42,100.0,44.7,43.85,100.0,Rank 2: Administrative Assistant,Administrative Assistant — Overall Match: 69.42% | Skill: 100.0% | Semantic: 44.7% | Demand: 43.85% | Education: 100.0%
Candidate_018,Information Technology (IT) Analyst,3,0.4032751741581278,40.33,0.0,100.0,26.64,0.0,Rank 3: Information Technology (IT) Analyst,Information Technology (IT) Analyst — Overall Match: 40.33% | Skill: 0.0% | Semantic: 100.0% | Demand: 26.64% | Education: 0.0%
Candidate_018,Software Developer,4,0.3917469611596428,39.17,0.0,98.84,22.91,0.0,Rank 4: Software Developer,Software Developer — Overall Match: 39.17% | Skill: 0.0% | Semantic: 98.84% | Demand: 22.91% | Education: 0.0%
Candidate_018,Inside Sales Representative,5,0.3078376456808203,30.78,0.0,38.56,86.44,0.0,Rank 5: Inside Sales Representative,Inside Sales Representative — Overall Match: 30.78% | Skill: 0.0% | Semantic: 38.56% | Demand: 86.44% | Education: 0.0%
Candidate_019,Office Manager,1,0.72111843045672,72.11,100.0,47.25,52.86,100.0,Rank 1: Office Manager,Office Manager — Overall Match: 72.11% | Skill: 100.0% | Semantic: 47.25% | Demand: 52.86% | Education: 100.0%
Candidate_019,Software Developer,2,0.7095812807752525,70.96,61.08,100.0,22.91,100.0,Rank 2: Software Developer,Software Developer — Overall Match: 70.96% | Skill: 61.08% | Semantic: 100.0% | Demand: 22.91% | Education: 100.0%
Candidate_019,Bookkeeper,3,0.6655549791703309,66.56,86.52,57.97,29.92,100.0,Rank 3: Bookkeeper,Bookkeeper — Overall Match: 66.56% | Skill: 86.52% | Semantic: 57.97% | Demand: 29.92% | Education: 100.0%
Candidate_019,Office Administrator,4,0.6467086525618754,64.67,69.65,56.34,52.86,100.0,Rank 4: Office Administrator,Office Administrator — Overall Match: 64.67% | Skill: 69.65% | Semantic: 56.34% | Demand: 52.86% | Education: 100.0%
Candidate_019,"Driver, Truck",5,0.5697423828278765,56.97,70.84,12.62,88.8,100.0,"Rank 5: Driver, Truck","Driver, Truck — Overall Match: 56.97% | Skill: 70.84% | Semantic: 12.62% | Demand: 88.8% | Education: 100.0%"
Candidate_020,Software Developer,1,0.8313342789746709,83.13,95.86,100.0,22.91,100.0,Rank 1: Software Developer,Software Developer — Overall Match: 83.13% | Skill: 95.86% | Semantic: 100.0% | Demand: 22.91% | Education: 100.0%
Candidate_020,Office Manager,2,0.6742646307800073,67.43,94.35,39.52,52.86,100.0,Rank 2: Office Manager,Office Manager — Overall Match: 67.43% | Skill: 94.35% | Semantic: 39.52% | Demand: 52.86% | Education: 100.0%
Candidate_020,Office Administrator,3,0.6609584835399128,66.1,82.83,47.24,52.86,100.0,Rank 3: Office Administrator,Office Administrator — Overall Match: 66.1% | Skill: 82.83% | Semantic: 47.24% | Demand: 52.86% | Education: 100.0%
Candidate_020,Bookkeeper,4,0.6491750787524256,64.92,100.0,39.81,29.92,100.0,Rank 4: Bookkeeper,Bookkeeper — Overall Match: 64.92% | Skill: 100.0% | Semantic: 39.81% | Demand: 29.92% | Education: 100.0%
Candidate_020,Secondary School Teacher,5,0.5702062721370142,57.02,67.09,46.48,36.36,100.0,Rank 5: Secondary School Teacher,Secondary School Teacher — Overall Match: 57.02% | Skill: 67.09% | Semantic: 46.48% | Demand: 36.36% | Education: 100.0%
Candidate_021,Software Developer,1,0.8313342789746709,83.13,95.86,100.0,22.91,100.0,Rank 1: Software Developer,Software Developer — Overall Match: 83.13% | Skill: 95.86% | Semantic: 100.0% | Demand: 22.91% | Education: 100.0%
Candidate_021,Office Manager,2,0.6877877741868875,68.78,94.35,43.38,52.86,100.0,Rank 2: Office Manager,Office Manager — Overall Match: 68.78% | Skill: 94.35% | Semantic: 43.38% | Demand: 52.86% | Education: 100.0%
Candidate_021,Bookkeeper,3,0.6750266612483901,67.5,100.0,47.19,29.92,100.0,Rank 3: Bookkeeper,Bookkeeper — Overall Match: 67.5% | Skill: 100.0% | Semantic: 47.19% | Demand: 29.92% | Education: 100.0%
Candidate_021,Office Administrator,4,0.6633700674970511,66.34,82.83,47.93,52.86,100.0,Rank 4: Office Administrator,Office Administrator — Overall Match: 66.34% | Skill: 82.83% | Semantic: 47.93% | Demand: 52.86% | Education: 100.0%
Candidate_021,Secondary School Teacher,5,0.5783705457859576,57.84,67.09,48.82,36.36,100.0,Rank 5: Secondary School Teacher,Secondary School Teacher — Overall Match: 57.84% | Skill: 67.09% | Semantic: 48.82% | Demand: 36.36% | Education: 100.0%
Candidate_022,Food Service Supervisor,1,0.7280742994953107,72.81,92.66,47.74,68.33,100.0,Rank 1: Food Service Supervisor,Food Service Supervisor — Overall Match: 72.81% | Skill: 92.66% | Semantic: 47.74% | Demand: 68.33% | Education: 100.0%
Candidate_022,Office Manager,2,0.7216433079134098,72.16,100.0,47.4,52.86,100.0,Rank 2: Office Manager,Office Manager — Overall Match: 72.16% | Skill: 100.0% | Semantic: 47.4% | Demand: 52.86% | Education: 100.0%
Candidate_022,Administrative Assistant,3,0.7053813610385259,70.54,89.8,58.11,43.85,100.0,Rank 3: Administrative Assistant,Administrative Assistant — Overall Match: 70.54% | Skill: 89.8% | Semantic: 58.11% | Demand: 43.85% | Education: 100.0%
Candidate_022,Office Administrator,4,0.5915139142069931,59.15,85.64,53.16,52.86,0.0,Rank 4: Office Administrator,Office Administrator — Overall Match: 59.15% | Skill: 85.64% | Semantic: 53.16% | Demand: 52.86% | Education: 0.0%
Candidate_022,Retail Sales Associate,5,0.5749888439840319,57.5,87.61,27.28,86.44,0.0,Rank 5: Retail Sales Associate,Retail Sales Associate — Overall Match: 57.5% | Skill: 87.61% | Semantic: 27.28% | Demand: 86.44% | Education: 0.0%
Candidate_023,Software Developer,1,0.7824589991056498,78.25,81.9,100.0,22.91,100.0,Rank 1: Software Developer,Software Developer — Overall Match: 78.25% | Skill: 81.9% | Semantic: 100.0% | Demand: 22.91% | Education: 100.0%
Candidate_023,Office Manager,2,0.6299453743700698,62.99,100.0,21.2,52.86,100.0,Rank 2: Office Manager,Office Manager — Overall Match: 62.99% | Skill: 100.0% | Semantic: 21.2% | Demand: 52.86% | Education: 100.0%
Candidate_023,Secondary School Teacher,3,0.5955603400138937,59.56,78.23,42.59,36.36,100.0,Rank 3: Secondary School Teacher,Secondary School Teacher — Overall Match: 59.56% | Skill: 78.23% | Semantic: 42.59% | Demand: 36.36% | Education: 100.0%
Candidate_023,Office Administrator,4,0.5906453529842051,59.06,81.98,28.0,52.86,100.0,Rank 4: Office Administrator,Office Administrator — Overall Match: 59.06% | Skill: 81.98% | Semantic: 28.0% | Demand: 52.86% | Education: 100.0%
Candidate_023,Information Technology (IT) Analyst,5,0.5849952951205031,58.5,61.55,61.8,26.64,100.0,Rank 5: Information Technology (IT) Analyst,Information Technology (IT) Analyst — Overall Match: 58.5% | Skill: 61.55% | Semantic: 61.8% | Demand: 26.64% | Education: 100.0%
Candidate_024,Software Developer,1,0.7095812807752525,70.96,61.08,100.0,22.91,100.0,Rank 1: Software Developer,Software Developer — Overall Match: 70.96% | Skill: 61.08% | Semantic: 100.0% | Demand: 22.91% | Education: 100.0%
Candidate_024,Office Manager,2,0.6953066659331655,69.53,100.0,39.88,52.86,100.0,Rank 2: Office Manager,Office Manager — Overall Match: 69.53% | Skill: 100.0% | Semantic: 39.88% | Demand: 52.86% | Education: 100.0%
Candidate_024,Bookkeeper,3,0.61921085101331,61.92,86.52,44.73,29.92,100.0,Rank 3: Bookkeeper,Bookkeeper — Overall Match: 61.92% | Skill: 86.52% | Semantic: 44.73% | Demand: 29.92% | Education: 100.0%
Candidate_024,Office Administrator,4,0.6163963635760317,61.64,69.65,47.68,52.86,100.0,Rank 4: Office Administrator,Office Administrator — Overall Match: 61.64% | Skill: 69.65% | Semantic: 47.68% | Demand: 52.86% | Education: 100.0%
Candidate_024,"Driver, Truck",5,0.5813907567744204,58.14,70.84,15.95,88.8,100.0,"Rank 5: Driver, Truck","Driver, Truck — Overall Match: 58.14% | Skill: 70.84% | Semantic: 15.95% | Demand: 88.8% | Education: 100.0%"
Candidate_025,Software Developer,1,0.8458171720921132,84.58,100.0,100.0,22.91,100.0,Rank 1: Software Developer,Software Developer — Overall Match: 84.58% | Skill: 100.0% | Semantic: 100.0% | Demand: 22.91% | Education: 100.0%
Candidate_025,Information Technology (IT) Analyst,2,0.743482334353823,74.35,69.68,98.95,26.64,100.0,Rank 2: Information Technology (IT) Analyst,Information Technology (IT) Analyst — Overall Match: 74.35% | Skill: 69.68% | Semantic: 98.95% | Demand: 26.64% | Education: 100.0%
Candidate_025,Secondary School Teacher,3,0.5274338446169794,52.74,62.29,39.06,36.36,100.0,Rank 3: Secondary School Teacher,Secondary School Teacher — Overall Match: 52.74% | Skill: 62.29% | Semantic: 39.06% | Demand: 36.36% | Education: 100.0%
Candidate_025,Bookkeeper,4,0.4888475026040153,48.88,61.28,32.72,29.92,100.0,Rank 4: Bookkeeper,Bookkeeper — Overall Match: 48.88% | Skill: 61.28% | Semantic: 32.72% | Demand: 29.92% | Education: 100.0%
Candidate_025,Licensed Practical Nurse (L.P.N.),5,0.4051384166545039,40.51,51.54,18.28,30.39,100.0,Rank 5: Licensed Practical Nurse (L.P.N.),Licensed Practical Nurse (L.P.N.) — Overall Match: 40.51% | Skill: 51.54% | Semantic: 18.28% | Demand: 30.39% | Education: 100.0%
Candidate_026,Software Developer,1,0.8458171720921132,84.58,100.0,100.0,22.91,100.0,Rank 1: Software Developer,Software Developer — Overall Match: 84.58% | Skill: 100.0% | Semantic: 100.0% | Demand: 22.91% | Education: 100.0%
Candidate_026,Information Technology (IT) Analyst,2,0.6893623187516174,68.94,78.79,74.38,26.64,100.0,Rank 2: Information Technology (IT) Analyst,Information Technology (IT) Analyst — Overall Match: 68.94% | Skill: 78.79% | Semantic: 74.38% | Demand: 26.64% | Education: 100.0%
Candidate_026,Secondary School Teacher,3,0.6370849121752494,63.71,87.07,45.6,36.36,100.0,Rank 3: Secondary School Teacher,Secondary School Teacher — Overall Match: 63.71% | Skill: 87.07% | Semantic: 45.6% | Demand: 36.36% | Education: 100.0%
Candidate_026,Restaurant Manager,4,0.6015356091401017,60.15,81.33,28.45,58.65,100.0,Rank 4: Restaurant Manager,Restaurant Manager — Overall Match: 60.15% | Skill: 81.33% | Semantic: 28.45% | Demand: 58.65% | Education: 100.0%
Candidate_026,Food Service Supervisor,5,0.5934528356377728,59.35,63.75,66.76,68.33,0.0,Rank 5: Food Service Supervisor,Food Service Supervisor — Overall Match: 59.35% | Skill: 63.75% | Semantic: 66.76% | Demand: 68.33% | Education: 0.0%
Candidate_027,Software Developer,1,0.7824589991056498,78.25,81.9,100.0,22.91,100.0,Rank 1: Software Developer,Software Developer — Overall Match: 78.25% | Skill: 81.9% | Semantic: 100.0% | Demand: 22.91% | Education: 100.0%
Candidate_027,Office Manager,2,0.6939470492712386,69.39,100.0,39.49,52.86,100.0,Rank 2: Office Manager,Office Manager — Overall Match: 69.39% | Skill: 100.0% | Semantic: 39.49% | Demand: 52.86% | Education: 100.0%
Candidate_027,Office Administrator,3,0.6444092722468396,64.44,81.98,43.36,52.86,100.0,Rank 3: Office Administrator,Office Administrator — Overall Match: 64.44% | Skill: 81.98% | Semantic: 43.36% | Demand: 52.86% | Education: 100.0%
Candidate_027,Information Technology (IT) Analyst,4,0.6412614377497352,64.13,61.55,77.87,26.64,100.0,Rank 4: Information Technology (IT) Analyst,Information Technology (IT) Analyst — Overall Match: 64.13% | Skill: 61.55% | Semantic: 77.87% | Demand: 26.64% | Education: 100.0%
Candidate_027,Secondary School Teacher,5,0.6181091425250822,61.81,78.23,49.03,36.36,100.0,Rank 5: Secondary School Teacher,Secondary School Teacher — Overall Match: 61.81% | Skill: 78.23% | Semantic: 49.03% | Demand: 36.36% | Education: 100.0%
Candidate_028,Software Developer,1,0.7824589991056498,78.25,81.9,100.0,22.91,100.0,Rank 1: Software Developer,Software Developer — Overall Match: 78.25% | Skill: 81.9% | Semantic: 100.0% | Demand: 22.91% | Education: 100.0%
Candidate_028,Office Manager,2,0.6646378462647732,66.46,100.0,31.12,52.86,100.0,Rank 2: Office Manager,Office Manager — Overall Match: 66.46% | Skill: 100.0% | Semantic: 31.12% | Demand: 52.86% | Education: 100.0%
Candidate_028,Office Administrator,3,0.6418742961424637,64.19,81.98,42.63,52.86,100.0,Rank 3: Office Administrator,Office Administrator — Overall Match: 64.19% | Skill: 81.98% | Semantic: 42.63% | Demand: 52.86% | Education: 100.0%
Candidate_028,Information Technology (IT) Analyst,4,0.6258747395281331,62.59,61.55,73.48,26.64,100.0,Rank 4: Information Technology (IT) Analyst,Information Technology (IT) Analyst — Overall Match: 62.59% | Skill: 61.55% | Semantic: 73.48% | Demand: 26.64% | Education: 100.0%
Candidate_028,Secondary School Teacher,5,0.6034158145184704,60.34,78.23,44.83,36.36,100.0,Rank 5: Secondary School Teacher,Secondary School Teacher — Overall Match: 60.34% | Skill: 78.23% | Semantic: 44.83% | Demand: 36.36% | Education: 100.0%
Candidate_029,Administrative Assistant,1,0.7072504676647912,70.73,100.0,48.45,43.85,100.0,Rank 1: Administrative Assistant,Administrative Assistant — Overall Match: 70.73% | Skill: 100.0% | Semantic: 48.45% | Demand: 43.85% | Education: 100.0%
Candidate_029,Food Service Supervisor,2,0.6806538127318598,68.07,100.0,26.85,68.33,100.0,Rank 2: Food Service Supervisor,Food Service Supervisor — Overall Match: 68.07% | Skill: 100.0% | Semantic: 26.85% | Demand: 68.33% | Education: 100.0%
Candidate_029,Software Developer,3,0.3958171720921131,39.58,0.0,100.0,22.91,0.0,Rank 3: Software Developer,Software Developer — Overall Match: 39.58% | Skill: 0.0% | Semantic: 100.0% | Demand: 22.91% | Education: 0.0%
Candidate_029,Bookkeeper,4,0.2925969484966517,29.26,0.0,37.93,29.92,100.0,Rank 4: Bookkeeper,Bookkeeper — Overall Match: 29.26% | Skill: 0.0% | Semantic: 37.93% | Demand: 29.92% | Education: 100.0%
Candidate_029,Information Technology (IT) Analyst,5,0.2902843183917818,29.03,0.0,67.72,26.64,0.0,Rank 5: Information Technology (IT) Analyst,Information Technology (IT) Analyst — Overall Match: 29.03% | Skill: 0.0% | Semantic: 67.72% | Demand: 26.64% | Education: 0.0%
Candidate_030,Software Developer,1,0.7824589991056498,78.25,81.9,100.0,22.91,100.0,Rank 1: Software Developer,Software Developer — Overall Match: 78.25% | Skill: 81.9% | Semantic: 100.0% | Demand: 22.91% | Education: 100.0%
Candidate_030,Secondary School Teacher,2,0.6382835436221813,63.83,78.23,54.79,36.36,100.0,Rank 2: Secondary School Teacher,Secondary School Teacher — Overall Match: 63.83% | Skill: 78.23% | Semantic: 54.79% | Demand: 36.36% | Education: 100.0%
Candidate_030,Office Manager,3,0.6382008100572951,63.82,100.0,23.56,52.86,100.0,Rank 3: Office Manager,Office Manager — Overall Match: 63.82% | Skill: 100.0% | Semantic: 23.56% | Demand: 52.86% | Education: 100.0%
Candidate_030,Information Technology (IT) Analyst,4,0.6209142092726525,62.09,61.55,72.06,26.64,100.0,Rank 4: Information Technology (IT) Analyst,Information Technology (IT) Analyst — Overall Match: 62.09% | Skill: 61.55% | Semantic: 72.06% | Demand: 26.64% | Education: 100.0%
Candidate_030,Office Administrator,5,0.6135264824450769,61.35,81.98,34.53,52.86,100.0,Rank 5: Office Administrator,Office Administrator — Overall Match: 61.35% | Skill: 81.98% | Semantic: 34.53% | Demand: 52.86% | Education: 100.0%
Candidate_031,Administrative Assistant,1,0.7336844015520255,73.37,100.0,56.0,43.85,100.0,Rank 1: Administrative Assistant,Administrative Assistant — Overall Match: 73.37% | Skill: 100.0% | Semantic: 56.0% | Demand: 43.85% | Education: 100.0%
Candidate_031,Office Administrator,2,0.6993866216705067,69.94,92.96,48.09,52.86,100.0,Rank 2: Office Administrator,Office Administrator — Overall Match: 69.94% | Skill: 92.96% | Semantic: 48.09% | Demand: 52.86% | Education: 100.0%
Candidate_031,Office Manager,3,0.6729599296655839,67.3,89.32,44.18,52.86,100.0,Rank 3: Office Manager,Office Manager — Overall Match: 67.3% | Skill: 89.32% | Semantic: 44.18% | Demand: 52.86% | Education: 100.0%
Candidate_031,Retail Sales Associate,4,0.6647290405060278,66.47,99.78,40.75,86.44,0.0,Rank 4: Retail Sales Associate,Retail Sales Associate — Overall Match: 66.47% | Skill: 99.78% | Semantic: 40.75% | Demand: 86.44% | Education: 0.0%
Candidate_031,Inside Sales Representative,5,0.6596593399074651,65.97,99.78,39.3,86.44,0.0,Rank 5: Inside Sales Representative,Inside Sales Representative — Overall Match: 65.97% | Skill: 99.78% | Semantic: 39.3% | Demand: 86.44% | Education: 0.0%
Candidate_032,Food Service Supervisor,1,0.7870312533674546,78.7,100.0,57.25,68.33,100.0,Rank 1: Food Service Supervisor,Food Service Supervisor — Overall Match: 78.7% | Skill: 100.0% | Semantic: 57.25% | Demand: 68.33% | Education: 100.0%
Candidate_032,Administrative Assistant,2,0.6824161981866228,68.24,100.0,41.35,43.85,100.0,Rank 2: Administrative Assistant,Administrative Assistant — Overall Match: 68.24% | Skill: 100.0% | Semantic: 41.35% | Demand: 43.85% | Education: 100.0%
Candidate_032,Software Developer,3,0.3958171720921131,39.58,0.0,100.0,22.91,0.0,Rank 3: Software Developer,Software Developer — Overall Match: 39.58% | Skill: 0.0% | Semantic: 100.0% | Demand: 22.91% | Education: 0.0%
Candidate_032,Information Technology (IT) Analyst,4,0.369594079911891,36.96,0.0,90.38,26.64,0.0,Rank 4: Information Technology (IT) Analyst,Information Technology (IT) Analyst — Overall Match: 36.96% | Skill: 0.0% | Semantic: 90.38% | Demand: 26.64% | Education: 0.0%
Candidate_032,Bookkeeper,5,0.3407772007127568,34.08,0.0,51.69,29.92,100.0,Rank 5: Bookkeeper,Bookkeeper — Overall Match: 34.08% | Skill: 0.0% | Semantic: 51.69% | Demand: 29.92% | Education: 100.0%
Candidate_033,Administrative Assistant,1,0.729142512593767,72.91,100.0,54.7,43.85,100.0,Rank 1: Administrative Assistant,Administrative Assistant — Overall Match: 72.91% | Skill: 100.0% | Semantic: 54.7% | Demand: 43.85% | Education: 100.0%
Candidate_033,Office Manager,2,0.682877155298007,68.29,88.03,48.3,52.86,100.0,Rank 2: Office Manager,Office Manager — Overall Match: 68.29% | Skill: 88.03% | Semantic: 48.3% | Demand: 52.86% | Education: 100.0%
Candidate_033,Office Administrator,3,0.6382589158033481,63.83,71.26,52.32,52.86,100.0,Rank 3: Office Administrator,Office Administrator — Overall Match: 63.83% | Skill: 71.26% | Semantic: 52.32% | Demand: 52.86% | Education: 100.0%
Candidate_033,"Driver, Truck",4,0.5918908037153071,59.19,69.59,20.21,88.8,100.0,"Rank 4: Driver, Truck","Driver, Truck — Overall Match: 59.19% | Skill: 69.59% | Semantic: 20.21% | Demand: 88.8% | Education: 100.0%"
Candidate_033,Food Service Supervisor,5,0.5018157052669797,50.18,52.29,52.04,68.33,0.0,Rank 5: Food Service Supervisor,Food Service Supervisor — Overall Match: 50.18% | Skill: 52.29% | Semantic: 52.04% | Demand: 68.33% | Education: 0.0%
Candidate_034,Food Service Supervisor,1,0.7226665363814193,72.27,92.66,46.2,68.33,100.0,Rank 1: Food Service Supervisor,Food Service Supervisor — Overall Match: 72.27% | Skill: 92.66% | Semantic: 46.2% | Demand: 68.33% | Education: 100.0%
Candidate_034,Office Manager,2,0.7173010298492188,71.73,100.0,46.16,52.86,100.0,Rank 2: Office Manager,Office Manager — Overall Match: 71.73% | Skill: 100.0% | Semantic: 46.16% | Demand: 52.86% | Education: 100.0%
Candidate_034,Administrative Assistant,3,0.7048277406535077,70.48,89.8,57.96,43.85,100.0,Rank 3: Administrative Assistant,Administrative Assistant — Overall Match: 70.48% | Skill: 89.8% | Semantic: 57.96% | Demand: 43.85% | Education: 100.0%
Candidate_034,Office Administrator,4,0.5851269694438763,58.51,85.64,51.33,52.86,0.0,Rank 4: Office Administrator,Office Administrator — Overall Match: 58.51% | Skill: 85.64% | Semantic: 51.33% | Demand: 52.86% | Education: 0.0%
Candidate_034,Retail Sales Associate,5,0.5822946000737846,58.23,87.61,29.36,86.44,0.0,Rank 5: Retail Sales Associate,Retail Sales Associate — Overall Match: 58.23% | Skill: 87.61% | Semantic: 29.36% | Demand: 86.44% | Education: 0.0%
Candidate_035,Software Developer,1,0.8458171720921132,84.58,100.0,100.0,22.91,100.0,Rank 1: Software Developer,Software Developer — Overall Match: 84.58% | Skill: 100.0% | Semantic: 100.0% | Demand: 22.91% | Education: 100.0%
Candidate_035,Information Technology (IT) Analyst,2,0.7653093974996544,76.53,81.55,93.32,26.64,100.0,Rank 2: Information Technology (IT) Analyst,Information Technology (IT) Analyst — Overall Match: 76.53% | Skill: 81.55% | Semantic: 93.32% | Demand: 26.64% | Education: 100.0%
Candidate_035,Administrative Assistant,3,0.6162441138072258,61.62,70.54,51.9,43.85,100.0,Rank 3: Administrative Assistant,Administrative Assistant — Overall Match: 61.62% | Skill: 70.54% | Semantic: 51.9% | Demand: 43.85% | Education: 100.0%
Candidate_035,Retail Sales Associate,4,0.5572670220738658,55.73,73.75,36.07,86.44,0.0,Rank 4: Retail Sales Associate,Retail Sales Associate — Overall Match: 55.73% | Skill: 73.75% | Semantic: 36.07% | Demand: 86.44% | Education: 0.0%
Candidate_035,Inside Sales Representative,5,0.5549916265860076,55.5,73.75,35.42,86.44,0.0,Rank 5: Inside Sales Representative,Inside Sales Representative — Overall Match: 55.5% | Skill: 73.75% | Semantic: 35.42% | Demand: 86.44% | Education: 0.0%
Candidate_036,Administrative Assistant,1,0.7485696839787135,74.86,100.0,60.25,43.85,100.0,Rank 1: Administrative Assistant,Administrative Assistant — Overall Match: 74.86% | Skill: 100.0% | Semantic: 60.25% | Demand: 43.85% | Education: 100.0%
Candidate_036,Office Manager,2,0.6785741738075026,67.86,88.03,47.07,52.86,100.0,Rank 2: Office Manager,Office Manager — Overall Match: 67.86% | Skill: 88.03% | Semantic: 47.07% | Demand: 52.86% | Education: 100.0%
Candidate_036,Office Administrator,3,0.6528239023650175,65.28,71.26,56.48,52.86,100.0,Rank 3: Office Administrator,Office Administrator — Overall Match: 65.28% | Skill: 71.26% | Semantic: 56.48% | Demand: 52.86% | Education: 100.0%
Candidate_036,"Driver, Truck",4,0.5930894168054842,59.31,69.59,20.55,88.8,100.0,"Rank 4: Driver, Truck","Driver, Truck — Overall Match: 59.31% | Skill: 69.59% | Semantic: 20.55% | Demand: 88.8% | Education: 100.0%"
Candidate_036,Food Service Supervisor,5,0.5287974682859231,52.88,52.29,59.75,68.33,0.0,Rank 5: Food Service Supervisor,Food Service Supervisor — Overall Match: 52.88% | Skill: 52.29% | Semantic: 59.75% | Demand: 68.33% | Education: 0.0%
Candidate_037,Software Developer,1,0.8458171720921132,84.58,100.0,100.0,22.91,100.0,Rank 1: Software Developer,Software Developer — Overall Match: 84.58% | Skill: 100.0% | Semantic: 100.0% | Demand: 22.91% | Education: 100.0%
Candidate_037,Information Technology (IT) Analyst,2,0.7564639724246688,75.65,74.24,98.1,26.64,100.0,Rank 2: Information Technology (IT) Analyst,Information Technology (IT) Analyst — Overall Match: 75.65% | Skill: 74.24% | Semantic: 98.1% | Demand: 26.64% | Education: 100.0%
Candidate_037,Secondary School Teacher,3,0.6090388115350601,60.9,76.52,48.14,36.36,100.0,Rank 3: Secondary School Teacher,Secondary School Teacher — Overall Match: 60.9% | Skill: 76.52% | Semantic: 48.14% | Demand: 36.36% | Education: 100.0%
Candidate_037,Bookkeeper,4,0.5789759684004662,57.9,72.19,47.56,29.92,100.0,Rank 4: Bookkeeper,Bookkeeper — Overall Match: 57.9% | Skill: 72.19% | Semantic: 47.56% | Demand: 29.92% | Education: 100.0%
Candidate_037,Licensed Practical Nurse (L.P.N.),5,0.4990652911889829,49.91,72.05,24.6,30.39,100.0,Rank 5: Licensed Practical Nurse (L.P.N.),Licensed Practical Nurse (L.P.N.) — Overall Match: 49.91% | Skill: 72.05% | Semantic: 24.6% | Demand: 30.39% | Education: 100.0%
Candidate_038,Software Developer,1,0.8458171720921132,84.58,100.0,100.0,22.91,100.0,Rank 1: Software Developer,Software Developer — Overall Match: 84.58% | Skill: 100.0% | Semantic: 100.0% | Demand: 22.91% | Education: 100.0%
Candidate_038,Information Technology (IT) Analyst,2,0.677244810663828,67.72,69.68,80.03,26.64,100.0,Rank 2: Information Technology (IT) Analyst,Information Technology (IT) Analyst — Overall Match: 67.72% | Skill: 69.68% | Semantic: 80.03% | Demand: 26.64% | Education: 100.0%
Candidate_038,Secondary School Teacher,3,0.5230805991952205,52.31,62.29,37.81,36.36,100.0,Rank 3: Secondary School Teacher,Secondary School Teacher — Overall Match: 52.31% | Skill: 62.29% | Semantic: 37.81% | Demand: 36.36% | Education: 100.0%
Candidate_038,Bookkeeper,4,0.4821813070023194,48.22,61.28,30.82,29.92,100.0,Rank 4: Bookkeeper,Bookkeeper — Overall Match: 48.22% | Skill: 61.28% | Semantic: 30.82% | Demand: 29.92% | Education: 100.0%
Candidate_038,Licensed Practical Nurse (L.P.N.),5,0.3986941080774211,39.87,51.54,16.43,30.39,100.0,Rank 5: Licensed Practical Nurse (L.P.N.),Licensed Practical Nurse (L.P.N.) — Overall Match: 39.87% | Skill: 51.54% | Semantic: 16.43% | Demand: 30.39% | Education: 100.0%
Candidate_039,Food Service Supervisor,1,0.7665288150645446,76.65,100.0,51.39,68.33,100.0,Rank 1: Food Service Supervisor,Food Service Supervisor — Overall Match: 76.65% | Skill: 100.0% | Semantic: 51.39% | Demand: 68.33% | Education: 100.0%
Candidate_039,Administrative Assistant,2,0.6735865623910309,67.36,100.0,38.83,43.85,100.0,Rank 2: Administrative Assistant,Administrative Assistant — Overall Match: 67.36% | Skill: 100.0% | Semantic: 38.83% | Demand: 43.85% | Education: 100.0%
Candidate_039,Software Developer,3,0.3958171720921131,39.58,0.0,100.0,22.91,0.0,Rank 3: Software Developer,Software Developer — Overall Match: 39.58% | Skill: 0.0% | Semantic: 100.0% | Demand: 22.91% | Education: 0.0%
Candidate_039,Information Technology (IT) Analyst,4,0.3613557612925829,36.14,0.0,88.02,26.64,0.0,Rank 4: Information Technology (IT) Analyst,Information Technology (IT) Analyst — Overall Match: 36.14% | Skill: 0.0% | Semantic: 88.02% | Demand: 26.64% | Education: 0.0%
Candidate_039,Inside Sales Representative,5,0.3038251044090797,30.38,0.0,37.41,86.44,0.0,Rank 5: Inside Sales Representative,Inside Sales Representative — Overall Match: 30.38% | Skill: 0.0% | Semantic: 37.41% | Demand: 86.44% | Education: 0.0%
Candidate_040,Software Developer,1,0.8458171720921132,84.58,100.0,100.0,22.91,100.0,Rank 1: Software Developer,Software Developer — Overall Match: 84.58% | Skill: 100.0% | Semantic: 100.0% | Demand: 22.91% | Education: 100.0%
Candidate_040,Information Technology (IT) Analyst,2,0.6804430403944367,68.04,74.9,75.72,26.64,100.0,Rank 2: Information Technology (IT) Analyst,Information Technology (IT) Analyst — Overall Match: 68.04% | Skill: 74.9% | Semantic: 75.72% | Demand: 26.64% | Education: 100.0%
Candidate_040,Secondary School Teacher,3,0.5997329720188612,59.97,75.27,46.74,36.36,100.0,Rank 3: Secondary School Teacher,Secondary School Teacher — Overall Match: 59.97% | Skill: 75.27% | Semantic: 46.74% | Demand: 36.36% | Education: 100.0%
Candidate_040,Bookkeeper,4,0.5636155819587887,56.36,63.86,51.51,29.92,100.0,Rank 4: Bookkeeper,Bookkeeper — Overall Match: 56.36% | Skill: 63.86% | Semantic: 51.51% | Demand: 29.92% | Education: 100.0%
Candidate_040,Licensed Practical Nurse (L.P.N.),5,0.5061573523144661,50.62,74.18,24.5,30.39,100.0,Rank 5: Licensed Practical Nurse (L.P.N.),Licensed Practical Nurse (L.P.N.) — Overall Match: 50.62% | Skill: 74.18% | Semantic: 24.5% | Demand: 30.39% | Education: 100.0%
Candidate_041,Office Manager,1,0.7427547171848404,74.28,100.0,53.44,52.86,100.0,Rank 1: Office Manager,Office Manager — Overall Match: 74.28% | Skill: 100.0% | Semantic: 53.44% | Demand: 52.86% | Education: 100.0%
Candidate_041,Software Developer,2,0.7095812807752525,70.96,61.08,100.0,22.91,100.0,Rank 2: Software Developer,Software Developer — Overall Match: 70.96% | Skill: 61.08% | Semantic: 100.0% | Demand: 22.91% | Education: 100.0%
Candidate_041,Office Administrator,3,0.6944571625765805,69.45,69.65,69.98,52.86,100.0,Rank 3: Office Administrator,Office Administrator — Overall Match: 69.45% | Skill: 69.65% | Semantic: 69.98% | Demand: 52.86% | Education: 100.0%
Candidate_041,Bookkeeper,4,0.6666515263802207,66.67,86.52,58.28,29.92,100.0,Rank 4: Bookkeeper,Bookkeeper — Overall Match: 66.67% | Skill: 86.52% | Semantic: 58.28% | Demand: 29.92% | Education: 100.0%
Candidate_041,"Driver, Truck",5,0.5914735558390475,59.15,70.84,18.83,88.8,100.0,"Rank 5: Driver, Truck","Driver, Truck — Overall Match: 59.15% | Skill: 70.84% | Semantic: 18.83% | Demand: 88.8% | Education: 100.0%"
Candidate_042,Software Developer,1,0.8458171720921132,84.58,100.0,100.0,22.91,100.0,Rank 1: Software Developer,Software Developer — Overall Match: 84.58% | Skill: 100.0% | Semantic: 100.0% | Demand: 22.91% | Education: 100.0%
Candidate_042,Information Technology (IT) Analyst,2,0.738051730551638,73.81,74.9,92.18,26.64,100.0,Rank 2: Information Technology (IT) Analyst,Information Technology (IT) Analyst — Overall Match: 73.81% | Skill: 74.9% | Semantic: 92.18% | Demand: 26.64% | Education: 100.0%
Candidate_042,Secondary School Teacher,3,0.5544856883213355,55.45,75.27,33.81,36.36,100.0,Rank 3: Secondary School Teacher,Secondary School Teacher — Overall Match: 55.45% | Skill: 75.27% | Semantic: 33.81% | Demand: 36.36% | Education: 100.0%
Candidate_042,Bookkeeper,4,0.4863626127827397,48.64,63.86,29.44,29.92,100.0,Rank 4: Bookkeeper,Bookkeeper — Overall Match: 48.64% | Skill: 63.86% | Semantic: 29.44% | Demand: 29.92% | Education: 100.0%
Candidate_042,Licensed Practical Nurse (L.P.N.),5,0.4812970085406681,48.13,74.18,17.39,30.39,100.0,Rank 5: Licensed Practical Nurse (L.P.N.),Licensed Practical Nurse (L.P.N.) — Overall Match: 48.13% | Skill: 74.18% | Semantic: 17.39% | Demand: 30.39% | Education: 100.0%
Candidate_043,Software Developer,1,0.8458171720921132,84.58,100.0,100.0,22.91,100.0,Rank 1: Software Developer,Software Developer — Overall Match: 84.58% | Skill: 100.0% | Semantic: 100.0% | Demand: 22.91% | Education: 100.0%
Candidate_043,Information Technology (IT) Analyst,2,0.6937512740957134,69.38,77.38,77.04,26.64,100.0,Rank 2: Information Technology (IT) Analyst,Information Technology (IT) Analyst — Overall Match: 69.38% | Skill: 77.38% | Semantic: 77.04% | Demand: 26.64% | Education: 100.0%
Candidate_043,Retail Sales Associate,3,0.533924861026286,53.39,77.67,25.48,86.44,0.0,Rank 3: Retail Sales Associate,Retail Sales Associate — Overall Match: 53.39% | Skill: 77.67% | Semantic: 25.48% | Demand: 86.44% | Education: 0.0%
Candidate_043,Inside Sales Representative,4,0.5335756060362069,53.36,77.67,25.38,86.44,0.0,Rank 4: Inside Sales Representative,Inside Sales Representative — Overall Match: 53.36% | Skill: 77.67% | Semantic: 25.38% | Demand: 86.44% | Education: 0.0%
Candidate_043,Licensed Practical Nurse (L.P.N.),5,0.4970760655746788,49.71,79.48,16.6,30.39,100.0,Rank 5: Licensed Practical Nurse (L.P.N.),Licensed Practical Nurse (L.P.N.) — Overall Match: 49.71% | Skill: 79.48% | Semantic: 16.6% | Demand: 30.39% | Education: 100.0%
Candidate_044,Software Developer,1,0.8458171720921132,84.58,100.0,100.0,22.91,100.0,Rank 1: Software Developer,Software Developer — Overall Match: 84.58% | Skill: 100.0% | Semantic: 100.0% | Demand: 22.91% | Education: 100.0%
Candidate_044,Information Technology (IT) Analyst,2,0.7416042012509769,74.16,74.24,93.86,26.64,100.0,Rank 2: Information Technology (IT) Analyst,Information Technology (IT) Analyst — Overall Match: 74.16% | Skill: 74.24% | Semantic: 93.86% | Demand: 26.64% | Education: 100.0%
Candidate_044,Bookkeeper,3,0.6270369549635632,62.7,72.19,61.29,29.92,100.0,Rank 3: Bookkeeper,Bookkeeper — Overall Match: 62.7% | Skill: 72.19% | Semantic: 61.29% | Demand: 29.92% | Education: 100.0%
Candidate_044,Secondary School Teacher,4,0.616432791412228,61.64,76.52,50.26,36.36,100.0,Rank 4: Secondary School Teacher,Secondary School Teacher — Overall Match: 61.64% | Skill: 76.52% | Semantic: 50.26% | Demand: 36.36% | Education: 100.0%
Candidate_044,Office Manager,5,0.5356527375849894,53.57,64.44,58.39,52.86,0.0,Rank 5: Office Manager,Office Manager — Overall Match: 53.57% | Skill: 64.44% | Semantic: 58.39% | Demand: 52.86% | Education: 0.0%
Candidate_045,Administrative Assistant,1,0.7572227527543783,75.72,100.0,62.72,43.85,100.0,Rank 1: Administrative Assistant,Administrative Assistant — Overall Match: 75.72% | Skill: 100.0% | Semantic: 62.72% | Demand: 43.85% | Education: 100.0%
Candidate_045,Bookkeeper,2,0.6443269400050843,64.43,91.18,47.25,29.92,100.0,Rank 2: Bookkeeper,Bookkeeper — Overall Match: 64.43% | Skill: 91.18% | Semantic: 47.25% | Demand: 29.92% | Education: 100.0%
Candidate_045,"Driver, Truck",3,0.5714541581468828,57.15,76.96,7.0,88.8,100.0,"Rank 3: Driver, Truck","Driver, Truck — Overall Match: 57.15% | Skill: 76.96% | Semantic: 7.0% | Demand: 88.8% | Education: 100.0%"
Candidate_045,Delivery Driver,4,0.5138556438427548,51.39,97.07,0.0,37.05,100.0,Rank 4: Delivery Driver,Delivery Driver — Overall Match: 51.39% | Skill: 97.07% | Semantic: 0.0% | Demand: 37.05% | Education: 100.0%
Candidate_045,Inside Sales Representative,5,0.5111009921196146,51.11,60.46,36.18,86.44,0.0,Rank 5: Inside Sales Representative,Inside Sales Representative — Overall Match: 51.11% | Skill: 60.46% | Semantic: 36.18% | Demand: 86.44% | Education: 0.0%
Candidate_046,Software Developer,1,0.8313342789746709,83.13,95.86,100.0,22.91,100.0,Rank 1: Software Developer,Software Developer — Overall Match: 83.13% | Skill: 95.86% | Semantic: 100.0% | Demand: 22.91% | Education: 100.0%
Candidate_046,Office Administrator,2,0.695278928570222,69.53,82.83,57.04,52.86,100.0,Rank 2: Office Administrator,Office Administrator — Overall Match: 69.53% | Skill: 82.83% | Semantic: 57.04% | Demand: 52.86% | Education: 100.0%
Candidate_046,Office Manager,3,0.6811324290917345,68.11,94.35,41.48,52.86,100.0,Rank 3: Office Manager,Office Manager — Overall Match: 68.11% | Skill: 94.35% | Semantic: 41.48% | Demand: 52.86% | Education: 100.0%
Candidate_046,Bookkeeper,4,0.6574128924209292,65.74,100.0,42.16,29.92,100.0,Rank 4: Bookkeeper,Bookkeeper — Overall Match: 65.74% | Skill: 100.0% | Semantic: 42.16% | Demand: 29.92% | Education: 100.0%
Candidate_046,Secondary School Teacher,5,0.5909195442809904,59.09,67.09,52.4,36.36,100.0,Rank 5: Secondary School Teacher,Secondary School Teacher — Overall Match: 59.09% | Skill: 67.09% | Semantic: 52.4% | Demand: 36.36% | Education: 100.0%
Candidate_047,Food Service Supervisor,1,0.730079183378959,73.01,92.66,48.32,68.33,100.0,Rank 1: Food Service Supervisor,Food Service Supervisor — Overall Match: 73.01% | Skill: 92.66% | Semantic: 48.32% | Demand: 68.33% | Education: 100.0%
Candidate_047,Administrative Assistant,2,0.7131178007976157,71.31,89.8,60.32,43.85,100.0,Rank 2: Administrative Assistant,Administrative Assistant — Overall Match: 71.31% | Skill: 89.8% | Semantic: 60.32% | Demand: 43.85% | Education: 100.0%
Candidate_047,Office Manager,3,0.7105083598684108,71.05,100.0,44.22,52.86,100.0,Rank 3: Office Manager,Office Manager — Overall Match: 71.05% | Skill: 100.0% | Semantic: 44.22% | Demand: 52.86% | Education: 100.0%
Candidate_047,Office Administrator,4,0.600942340039601,60.09,85.64,55.85,52.86,0.0,Rank 4: Office Administrator,Office Administrator — Overall Match: 60.09% | Skill: 85.64% | Semantic: 55.85% | Demand: 52.86% | Education: 0.0%
Candidate_047,Inside Sales Representative,5,0.5623410753904169,56.23,87.61,23.66,86.44,0.0,Rank 5: Inside Sales Representative,Inside Sales Representative — Overall Match: 56.23% | Skill: 87.61% | Semantic: 23.66% | Demand: 86.44% | Education: 0.0%
Candidate_048,Software Developer,1,0.8313342789746709,83.13,95.86,100.0,22.91,100.0,Rank 1: Software Developer,Software Developer — Overall Match: 83.13% | Skill: 95.86% | Semantic: 100.0% | Demand: 22.91% | Education: 100.0%
Candidate_048,Office Administrator,2,0.695278928570222,69.53,82.83,57.04,52.86,100.0,Rank 2: Office Administrator,Office Administrator — Overall Match: 69.53% | Skill: 82.83% | Semantic: 57.04% | Demand: 52.86% | Education: 100.0%
Candidate_048,Office Manager,3,0.6811324290917345,68.11,94.35,41.48,52.86,100.0,Rank 3: Office Manager,Office Manager — Overall Match: 68.11% | Skill: 94.35% | Semantic: 41.48% | Demand: 52.86% | Education: 100.0%
Candidate_048,Bookkeeper,4,0.6574128924209292,65.74,100.0,42.16,29.92,100.0,Rank 4: Bookkeeper,Bookkeeper — Overall Match: 65.74% | Skill: 100.0% | Semantic: 42.16% | Demand: 29.92% | Education: 100.0%
Candidate_048,Secondary School Teacher,5,0.5909195442809904,59.09,67.09,52.4,36.36,100.0,Rank 5: Secondary School Teacher,Secondary School Teacher — Overall Match: 59.09% | Skill: 67.09% | Semantic: 52.4% | Demand: 36.36% | Education: 100.0%
Candidate_049,Software Developer,1,0.7020021399803102,70.2,58.91,100.0,22.91,100.0,Rank 1: Software Developer,Software Developer — Overall Match: 70.2% | Skill: 58.91% | Semantic: 100.0% | Demand: 22.91% | Education: 100.0%
Candidate_049,"Driver, Truck",2,0.6977513089910133,69.78,100.0,20.04,88.8,100.0,"Rank 2: Driver, Truck","Driver, Truck — Overall Match: 69.78% | Skill: 100.0% | Semantic: 20.04% | Demand: 88.8% | Education: 100.0%"
Candidate_049,Administrative Assistant,3,0.6311378977917211,63.11,77.72,48.98,43.85,100.0,Rank 3: Administrative Assistant,Administrative Assistant — Overall Match: 63.11% | Skill: 77.72% | Semantic: 48.98% | Demand: 43.85% | Education: 100.0%
Candidate_049,Office Manager,4,0.6021704376126993,60.22,74.87,38.4,52.86,100.0,Rank 4: Office Manager,Office Manager — Overall Match: 60.22% | Skill: 74.87% | Semantic: 38.4% | Demand: 52.86% | Education: 100.0%
Candidate_049,Information Technology (IT) Analyst,5,0.4763572825325311,47.64,32.84,88.04,26.64,0.0,Rank 5: Information Technology (IT) Analyst,Information Technology (IT) Analyst — Overall Match: 47.64% | Skill: 32.84% | Semantic: 88.04% | Demand: 26.64% | Education: 0.0%
Candidate_050,Administrative Assistant,1,0.7046558187742705,70.47,100.0,47.7,43.85,100.0,Rank 1: Administrative Assistant,Administrative Assistant — Overall Match: 70.47% | Skill: 100.0% | Semantic: 47.7% | Demand: 43.85% | Education: 100.0%
Candidate_050,Office Manager,2,0.6483177042030029,64.83,88.03,38.42,52.86,100.0,Rank 2: Office Manager,Office Manager — Overall Match: 64.83% | Skill: 88.03% | Semantic: 38.42% | Demand: 52.86% | Education: 100.0%
Candidate_050,Office Administrator,3,0.6001493374533724,60.01,71.26,41.43,52.86,100.0,Rank 3: Office Administrator,Office Administrator — Overall Match: 60.01% | Skill: 71.26% | Semantic: 41.43% | Demand: 52.86% | Education: 100.0%
Candidate_050,"Driver, Truck",4,0.5861242663909656,58.61,69.59,18.56,88.8,100.0,"Rank 4: Driver, Truck","Driver, Truck — Overall Match: 58.61% | Skill: 69.59% | Semantic: 18.56% | Demand: 88.8% | Education: 100.0%"
Candidate_050,Food Service Supervisor,5,0.4826959523514441,48.27,52.29,46.58,68.33,0.0,Rank 5: Food Service Supervisor,Food Service Supervisor — Overall Match: 48.27% | Skill: 52.29% | Semantic: 46.58% | Demand: 68.33% | Education: 0.0%
Candidate_051,Software Developer,1,0.8453800079847765,84.54,99.88,100.0,22.91,100.0,Rank 1: Software Developer,Software Developer — Overall Match: 84.54% | Skill: 99.88% | Semantic: 100.0% | Demand: 22.91% | Education: 100.0%
Candidate_051,Administrative Assistant,2,0.7180521130825992,71.81,100.0,51.53,43.85,100.0,Rank 2: Administrative Assistant,Administrative Assistant — Overall Match: 71.81% | Skill: 100.0% | Semantic: 51.53% | Demand: 43.85% | Education: 100.0%
Candidate_051,Office Administrator,3,0.6460432764980801,64.6,76.35,49.46,52.86,100.0,Rank 3: Office Administrator,Office Administrator — Overall Match: 64.6% | Skill: 76.35% | Semantic: 49.46% | Demand: 52.86% | Education: 100.0%
Candidate_051,"Driver, Truck",4,0.612624867436423,61.26,84.44,11.28,88.8,100.0,"Rank 4: Driver, Truck","Driver, Truck — Overall Match: 61.26% | Skill: 84.44% | Semantic: 11.28% | Demand: 88.8% | Education: 100.0%"
Candidate_051,Office Manager,5,0.6079507035621682,60.8,79.07,35.85,52.86,100.0,Rank 5: Office Manager,Office Manager — Overall Match: 60.8% | Skill: 79.07% | Semantic: 35.85% | Demand: 52.86% | Education: 100.0%
Candidate_052,Software Developer,1,0.8458171720921132,84.58,100.0,100.0,22.91,100.0,Rank 1: Software Developer,Software Developer — Overall Match: 84.58% | Skill: 100.0% | Semantic: 100.0% | Demand: 22.91% | Education: 100.0%
Candidate_052,Information Technology (IT) Analyst,2,0.7189364956366304,71.89,74.24,87.38,26.64,100.0,Rank 2: Information Technology (IT) Analyst,Information Technology (IT) Analyst — Overall Match: 71.89% | Skill: 74.24% | Semantic: 87.38% | Demand: 26.64% | Education: 100.0%
Candidate_052,Secondary School Teacher,3,0.598095141767802,59.81,76.52,45.02,36.36,100.0,Rank 3: Secondary School Teacher,Secondary School Teacher — Overall Match: 59.81% | Skill: 76.52% | Semantic: 45.02% | Demand: 36.36% | Education: 100.0%
Candidate_052,Bookkeeper,4,0.5223208629723134,52.23,72.19,31.38,29.92,100.0,Rank 4: Bookkeeper,Bookkeeper — Overall Match: 52.23% | Skill: 72.19% | Semantic: 31.38% | Demand: 29.92% | Education: 100.0%
Candidate_052,Licensed Practical Nurse (L.P.N.),5,0.4758367958373324,47.58,72.05,17.96,30.39,100.0,Rank 5: Licensed Practical Nurse (L.P.N.),Licensed Practical Nurse (L.P.N.) — Overall Match: 47.58% | Skill: 72.05% | Semantic: 17.96% | Demand: 30.39% | Education: 100.0%
Candidate_053,Software Developer,1,0.7609333939344123,76.09,75.75,100.0,22.91,100.0,Rank 1: Software Developer,Software Developer — Overall Match: 76.09% | Skill: 75.75% | Semantic: 100.0% | Demand: 22.91% | Education: 100.0%
Candidate_053,Bookkeeper,2,0.6439381696298275,64.39,100.0,38.31,29.92,100.0,Rank 2: Bookkeeper,Bookkeeper — Overall Match: 64.39% | Skill: 100.0% | Semantic: 38.31% | Demand: 29.92% | Education: 100.0%
Candidate_053,Office Administrator,3,0.5537959925362557,55.38,45.49,53.96,52.86,100.0,Rank 3: Office Administrator,Office Administrator — Overall Match: 55.38% | Skill: 45.49% | Semantic: 53.96% | Demand: 52.86% | Education: 100.0%
Candidate_053,Office Manager,4,0.5063277787471031,50.63,42.96,42.93,52.86,100.0,Rank 4: Office Manager,Office Manager — Overall Match: 50.63% | Skill: 42.96% | Semantic: 42.93% | Demand: 52.86% | Education: 100.0%
Candidate_053,Information Technology (IT) Analyst,5,0.4863194689712664,48.63,35.18,88.55,26.64,0.0,Rank 5: Information Technology (IT) Analyst,Information Technology (IT) Analyst — Overall Match: 48.63% | Skill: 35.18% | Semantic: 88.55% | Demand: 26.64% | Education: 0.0%
Candidate_054,Food Service Supervisor,1,0.7205769170775099,72.06,92.66,45.6,68.33,100.0,Rank 1: Food Service Supervisor,Food Service Supervisor — Overall Match: 72.06% | Skill: 92.66% | Semantic: 45.6% | Demand: 68.33% | Education: 100.0%
Candidate_054,Office Manager,2,0.7162364858494212,71.62,100.0,45.86,52.86,100.0,Rank 2: Office Manager,Office Manager — Overall Match: 71.62% | Skill: 100.0% | Semantic: 45.86% | Demand: 52.86% | Education: 100.0%
Candidate_054,Administrative Assistant,3,0.7136601468129784,71.37,89.8,60.48,43.85,100.0,Rank 3: Administrative Assistant,Administrative Assistant — Overall Match: 71.37% | Skill: 89.8% | Semantic: 60.48% | Demand: 43.85% | Education: 100.0%
Candidate_054,Office Administrator,4,0.5920420568870612,59.2,85.64,53.31,52.86,0.0,Rank 4: Office Administrator,Office Administrator — Overall Match: 59.2% | Skill: 85.64% | Semantic: 53.31% | Demand: 52.86% | Education: 0.0%
Candidate_054,Retail Sales Associate,5,0.5647067202181839,56.47,87.61,24.34,86.44,0.0,Rank 5: Retail Sales Associate,Retail Sales Associate — Overall Match: 56.47% | Skill: 87.61% | Semantic: 24.34% | Demand: 86.44% | Education: 0.0%
Candidate_055,Office Manager,1,0.6745822096499425,67.46,100.0,33.96,52.86,100.0,Rank 1: Office Manager,Office Manager — Overall Match: 67.46% | Skill: 100.0% | Semantic: 33.96% | Demand: 52.86% | Education: 100.0%
Candidate_055,Software Developer,2,0.6449509760619834,64.5,42.61,100.0,22.91,100.0,Rank 2: Software Developer,Software Developer — Overall Match: 64.5% | Skill: 42.61% | Semantic: 100.0% | Demand: 22.91% | Education: 100.0%
Candidate_055,"Driver, Truck",3,0.5896971515831992,58.97,71.43,17.73,88.8,100.0,"Rank 3: Driver, Truck","Driver, Truck — Overall Match: 58.97% | Skill: 71.43% | Semantic: 17.73% | Demand: 88.8% | Education: 100.0%"
Candidate_055,Office Administrator,4,0.5714659513169861,57.15,63.89,40.61,52.86,100.0,Rank 4: Office Administrator,Office Administrator — Overall Match: 57.15% | Skill: 63.89% | Semantic: 40.61% | Demand: 52.86% | Education: 100.0%
Candidate_055,Secondary School Teacher,5,0.5620128234938699,56.2,63.7,47.53,36.36,100.0,Rank 5: Secondary School Teacher,Secondary School Teacher — Overall Match: 56.2% | Skill: 63.7% | Semantic: 47.53% | Demand: 36.36% | Education: 100.0%
Candidate_056,Administrative Assistant,1,0.6836836902634273,68.37,100.0,41.71,43.85,100.0,Rank 1: Administrative Assistant,Administrative Assistant — Overall Match: 68.37% | Skill: 100.0% | Semantic: 41.71% | Demand: 43.85% | Education: 100.0%
Candidate_056,Office Manager,2,0.658213820615629,65.82,88.03,41.25,52.86,100.0,Rank 2: Office Manager,Office Manager — Overall Match: 65.82% | Skill: 88.03% | Semantic: 41.25% | Demand: 52.86% | Education: 100.0%
Candidate_056,Office Administrator,3,0.6021502454784025,60.22,71.26,42.0,52.86,100.0,Rank 3: Office Administrator,Office Administrator — Overall Match: 60.22% | Skill: 71.26% | Semantic: 42.0% | Demand: 52.86% | Education: 100.0%
Candidate_056,"Driver, Truck",4,0.5941054750654009,59.41,69.59,20.84,88.8,100.0,"Rank 4: Driver, Truck","Driver, Truck — Overall Match: 59.41% | Skill: 69.59% | Semantic: 20.84% | Demand: 88.8% | Education: 100.0%"
Candidate_056,Food Service Supervisor,5,0.515935312899673,51.59,52.29,56.07,68.33,0.0,Rank 5: Food Service Supervisor,Food Service Supervisor — Overall Match: 51.59% | Skill: 52.29% | Semantic: 56.07% | Demand: 68.33% | Education: 0.0%
Candidate_057,Software Developer,1,0.8458171720921132,84.58,100.0,100.0,22.91,100.0,Rank 1: Software Developer,Software Developer — Overall Match: 84.58% | Skill: 100.0% | Semantic: 100.0% | Demand: 22.91% | Education: 100.0%
Candidate_057,Information Technology (IT) Analyst,2,0.7595783607459343,75.96,81.55,91.68,26.64,100.0,Rank 2: Information Technology (IT) Analyst,Information Technology (IT) Analyst — Overall Match: 75.96% | Skill: 81.55% | Semantic: 91.68% | Demand: 26.64% | Education: 100.0%
Candidate_057,Administrative Assistant,3,0.6402286360898888,64.02,70.54,58.76,43.85,100.0,Rank 3: Administrative Assistant,Administrative Assistant — Overall Match: 64.02% | Skill: 70.54% | Semantic: 58.76% | Demand: 43.85% | Education: 100.0%
Candidate_057,Office Administrator,4,0.5356756080946086,53.57,65.03,57.81,52.86,0.0,Rank 4: Office Administrator,Office Administrator — Overall Match: 53.57% | Skill: 65.03% | Semantic: 57.81% | Demand: 52.86% | Education: 0.0%
Candidate_057,Inside Sales Representative,5,0.5299392055110932,52.99,73.75,28.27,86.44,0.0,Rank 5: Inside Sales Representative,Inside Sales Representative — Overall Match: 52.99% | Skill: 73.75% | Semantic: 28.27% | Demand: 86.44% | Education: 0.0%
Candidate_058,Administrative Assistant,1,0.6853583832627556,68.54,100.0,42.19,43.85,100.0,Rank 1: Administrative Assistant,Administrative Assistant — Overall Match: 68.54% | Skill: 100.0% | Semantic: 42.19% | Demand: 43.85% | Education: 100.0%
Candidate_058,Office Administrator,2,0.5747110675201733,57.47,72.3,33.12,52.86,100.0,Rank 2: Office Administrator,Office Administrator — Overall Match: 57.47% | Skill: 72.3% | Semantic: 33.12% | Demand: 52.86% | Education: 100.0%
Candidate_058,Office Manager,3,0.5617411672837973,56.17,74.18,27.53,52.86,100.0,Rank 3: Office Manager,Office Manager — Overall Match: 56.17% | Skill: 74.18% | Semantic: 27.53% | Demand: 52.86% | Education: 100.0%
Candidate_058,Inside Sales Representative,4,0.5280115972892907,52.8,64.69,36.77,86.44,0.0,Rank 4: Inside Sales Representative,Inside Sales Representative — Overall Match: 52.8% | Skill: 64.69% | Semantic: 36.77% | Demand: 86.44% | Education: 0.0%
Candidate_058,Retail Sales Associate,5,0.5249332852817636,52.49,64.69,35.89,86.44,0.0,Rank 5: Retail Sales Associate,Retail Sales Associate — Overall Match: 52.49% | Skill: 64.69% | Semantic: 35.89% | Demand: 86.44% | Education: 0.0%
Candidate_059,Software Developer,1,0.8458171720921132,84.58,100.0,100.0,22.91,100.0,Rank 1: Software Developer,Software Developer — Overall Match: 84.58% | Skill: 100.0% | Semantic: 100.0% | Demand: 22.91% | Education: 100.0%
Candidate_059,Information Technology (IT) Analyst,2,0.7004526369693267,70.05,69.68,86.66,26.64,100.0,Rank 2: Information Technology (IT) Analyst,Information Technology (IT) Analyst — Overall Match: 70.05% | Skill: 69.68% | Semantic: 86.66% | Demand: 26.64% | Education: 100.0%
Candidate_059,Secondary School Teacher,3,0.5761787782036057,57.62,62.29,52.98,36.36,100.0,Rank 3: Secondary School Teacher,Secondary School Teacher — Overall Match: 57.62% | Skill: 62.29% | Semantic: 52.98% | Demand: 36.36% | Education: 100.0%
Candidate_059,Bookkeeper,4,0.5357675036738422,53.58,61.28,46.13,29.92,100.0,Rank 4: Bookkeeper,Bookkeeper — Overall Match: 53.58% | Skill: 61.28% | Semantic: 46.13% | Demand: 29.92% | Education: 100.0%
Candidate_059,Office Administrator,5,0.4278485804031122,42.78,43.62,48.42,52.86,0.0,Rank 5: Office Administrator,Office Administrator — Overall Match: 42.78% | Skill: 43.62% | Semantic: 48.42% | Demand: 52.86% | Education: 0.0%
Candidate_060,Software Developer,1,0.8458171720921132,84.58,100.0,100.0,22.91,100.0,Rank 1: Software Developer,Software Developer — Overall Match: 84.58% | Skill: 100.0% | Semantic: 100.0% | Demand: 22.91% | Education: 100.0%
Candidate_060,Information Technology (IT) Analyst,2,0.7067729749499398,70.68,74.9,83.24,26.64,100.0,Rank 2: Information Technology (IT) Analyst,Information Technology (IT) Analyst — Overall Match: 70.68% | Skill: 74.9% | Semantic: 83.24% | Demand: 26.64% | Education: 100.0%
Candidate_060,Secondary School Teacher,3,0.5558125663744623,55.58,75.27,34.19,36.36,100.0,Rank 3: Secondary School Teacher,Secondary School Teacher — Overall Match: 55.58% | Skill: 75.27% | Semantic: 34.19% | Demand: 36.36% | Education: 100.0%
Candidate_060,Bookkeeper,4,0.4828754165719402,48.29,63.86,28.44,29.92,100.0,Rank 4: Bookkeeper,Bookkeeper — Overall Match: 48.29% | Skill: 63.86% | Semantic: 28.44% | Demand: 29.92% | Education: 100.0%
Candidate_060,Licensed Practical Nurse (L.P.N.),5,0.4425839355273562,44.26,74.18,6.33,30.39,100.0,Rank 5: Licensed Practical Nurse (L.P.N.),Licensed Practical Nurse (L.P.N.) — Overall Match: 44.26% | Skill: 74.18% | Semantic: 6.33% | Demand: 30.39% | Education: 100.0%
Candidate_061,Food Service Supervisor,1,0.7175913281512312,71.76,100.0,37.41,68.33,100.0,Rank 1: Food Service Supervisor,Food Service Supervisor — Overall Match: 71.76% | Skill: 100.0% | Semantic: 37.41% | Demand: 68.33% | Education: 100.0%
Candidate_061,Administrative Assistant,2,0.7059812602035557,70.6,100.0,48.08,43.85,100.0,Rank 2: Administrative Assistant,Administrative Assistant — Overall Match: 70.6% | Skill: 100.0% | Semantic: 48.08% | Demand: 43.85% | Education: 100.0%
Candidate_061,Software Developer,3,0.3958171720921131,39.58,0.0,100.0,22.91,0.0,Rank 3: Software Developer,Software Developer — Overall Match: 39.58% | Skill: 0.0% | Semantic: 100.0% | Demand: 22.91% | Education: 0.0%
Candidate_061,Information Technology (IT) Analyst,4,0.3341222772360227,33.41,0.0,80.24,26.64,0.0,Rank 4: Information Technology (IT) Analyst,Information Technology (IT) Analyst — Overall Match: 33.41% | Skill: 0.0% | Semantic: 80.24% | Demand: 26.64% | Education: 0.0%
Candidate_061,Continuing Care Assistant,5,0.3013272878787351,30.13,0.0,32.4,43.96,100.0,Rank 5: Continuing Care Assistant,Continuing Care Assistant — Overall Match: 30.13% | Skill: 0.0% | Semantic: 32.4% | Demand: 43.96% | Education: 100.0%
Candidate_062,Administrative Assistant,1,0.7128700762546367,71.29,100.0,50.05,43.85,100.0,Rank 1: Administrative Assistant,Administrative Assistant — Overall Match: 71.29% | Skill: 100.0% | Semantic: 50.05% | Demand: 43.85% | Education: 100.0%
Candidate_062,Office Manager,2,0.6473592763443053,64.74,88.03,38.15,52.86,100.0,Rank 2: Office Manager,Office Manager — Overall Match: 64.74% | Skill: 88.03% | Semantic: 38.15% | Demand: 52.86% | Education: 100.0%
Candidate_062,Office Administrator,3,0.6088699843137922,60.89,71.26,43.92,52.86,100.0,Rank 3: Office Administrator,Office Administrator — Overall Match: 60.89% | Skill: 71.26% | Semantic: 43.92% | Demand: 52.86% | Education: 100.0%
Candidate_062,"Driver, Truck",4,0.546642897876216,54.66,69.59,7.28,88.8,100.0,"Rank 4: Driver, Truck","Driver, Truck — Overall Match: 54.66% | Skill: 69.59% | Semantic: 7.28% | Demand: 88.8% | Education: 100.0%"
Candidate_062,Inside Sales Representative,5,0.4743050153183282,47.43,58.38,27.74,86.44,0.0,Rank 5: Inside Sales Representative,Inside Sales Representative — Overall Match: 47.43% | Skill: 58.38% | Semantic: 27.74% | Demand: 86.44% | Education: 0.0%
Candidate_063,Administrative Assistant,1,0.7056424026869824,70.56,100.0,47.99,43.85,100.0,Rank 1: Administrative Assistant,Administrative Assistant — Overall Match: 70.56% | Skill: 100.0% | Semantic: 47.99% | Demand: 43.85% | Education: 100.0%
Candidate_063,Office Administrator,2,0.6353700267348605,63.54,72.3,50.45,52.86,100.0,Rank 2: Office Administrator,Office Administrator — Overall Match: 63.54% | Skill: 72.3% | Semantic: 50.45% | Demand: 52.86% | Education: 100.0%
Candidate_063,Office Manager,3,0.6124891654698114,61.25,74.18,42.03,52.86,100.0,Rank 3: Office Manager,Office Manager — Overall Match: 61.25% | Skill: 74.18% | Semantic: 42.03% | Demand: 52.86% | Education: 100.0%
Candidate_063,Software Developer,4,0.4995111872893203,49.95,29.63,100.0,22.91,0.0,Rank 4: Software Developer,Software Developer — Overall Match: 49.95% | Skill: 29.63% | Semantic: 100.0% | Demand: 22.91% | Education: 0.0%
Candidate_063,Inside Sales Representative,5,0.4886996835773225,48.87,64.69,25.54,86.44,0.0,Rank 5: Inside Sales Representative,Inside Sales Representative — Overall Match: 48.87% | Skill: 64.69% | Semantic: 25.54% | Demand: 86.44% | Education: 0.0%
