candidate_id,selected_occupation,recommendation_score,recommendation_percentage,occupation_rank
Candidate_001,Software Developer,0.6947300771208227,69.47300771208226,1
Candidate_001,Information Technology (IT) Analyst,0.6739556847075916,67.39556847075916,2
Candidate_001,Secondary School Teacher,0.6688963210702341,66.88963210702342,3
Candidate_001,Bookkeeper,0.6682011331444759,66.8201133144476,4
Candidate_001,Licensed Practical Nurse (L.P.N.),0.6615295143937191,66.1529514393719,5
Candidate_001,Office Administrator,0.6561004784688996,65.61004784688997,6
Candidate_001,Office Manager,0.6546762589928057,65.46762589928056,7
Candidate_001,Restaurant Manager,0.6445801526717557,64.45801526717557,8
Candidate_001,"Driver, Truck",0.6435643564356435,64.35643564356435,9
Candidate_001,Continuing Care Assistant,0.6395304080061586,63.95304080061586,10
Candidate_001,Inside Sales Representative,0.6361746361746362,63.61746361746362,11
Candidate_001,Retail Sales Associate,0.6361746361746362,63.61746361746362,11
Candidate_001,Delivery Driver,0.6360808709175739,63.60808709175739,12
Candidate_001,Food Service Supervisor,0.6287096774193549,62.87096774193549,13
Candidate_001,Administrative Assistant,0.626218487394958,62.6218487394958,14
Candidate_002,Office Manager,0.5467625899280575,54.67625899280575,1
Candidate_002,Office Administrator,0.5382775119617226,53.82775119617226,2
Candidate_002,Software Developer,0.5382390745501285,53.82390745501285,3
Candidate_002,Secondary School Teacher,0.5365105908584169,53.65105908584169,4
Candidate_002,Information Technology (IT) Analyst,0.5286596440247002,52.86596440247002,5
Candidate_002,Administrative Assistant,0.5253781512605042,52.537815126050425,6
Candidate_002,"Driver, Truck",0.5247524752475247,52.47524752475247,7
Candidate_002,Inside Sales Representative,0.5107415107415108,51.074151074151075,8
Candidate_002,Retail Sales Associate,0.5107415107415108,51.074151074151075,8
Candidate_002,Bookkeeper,0.5088526912181303,50.885269121813025,9
Candidate_002,Continuing Care Assistant,0.5073133179368745,50.73133179368745,10
Candidate_002,Restaurant Manager,0.507175572519084,50.717557251908396,11
Candidate_002,Delivery Driver,0.505054432348367,50.5054432348367,12
Candidate_002,Licensed Practical Nurse (L.P.N.),0.5015993021227101,50.15993021227101,13
Candidate_002,Food Service Supervisor,0.4996774193548388,49.96774193548388,14
Candidate_003,Administrative Assistant,0.8991596638655464,89.91596638655463,1
Candidate_003,Office Manager,0.8920863309352518,89.20863309352518,2
Candidate_003,Office Administrator,0.8821770334928231,88.2177033492823,3
Candidate_003,"Driver, Truck",0.8811881188118811,88.11881188118811,4
Candidate_003,Inside Sales Representative,0.8745668745668745,87.45668745668745,5
Candidate_003,Retail Sales Associate,0.8745668745668745,87.45668745668745,5
Candidate_003,Food Service Supervisor,0.870967741935484,87.0967741935484,6
Candidate_003,Delivery Driver,0.8689735614307932,86.89735614307932,7
Candidate_003,Continuing Care Assistant,0.8677829099307159,86.7782909930716,8
Candidate_003,Secondary School Teacher,0.8676142697881827,86.76142697881826,9
Candidate_003,Restaurant Manager,0.8625954198473282,86.25954198473282,10
Candidate_003,Information Technology (IT) Analyst,0.8547039593171086,85.47039593171087,11
Candidate_003,Software Developer,0.8435089974293059,84.35089974293058,12
Candidate_003,Bookkeeper,0.8406515580736544,84.06515580736544,13
Candidate_003,Licensed Practical Nurse (L.P.N.),0.840069787728991,84.0069787728991,14
Candidate_004,Software Developer,0.7911311053984575,79.11311053984575,1
Candidate_004,Secondary School Teacher,0.7770345596432553,77.70345596432553,2
Candidate_004,Information Technology (IT) Analyst,0.7756629131856156,77.56629131856157,3
Candidate_004,Bookkeeper,0.7744334277620397,77.44334277620398,4
Candidate_004,Licensed Practical Nurse (L.P.N.),0.7743530095958127,77.43530095958127,5
Candidate_004,Office Manager,0.7697841726618705,76.97841726618705,6
Candidate_004,"Driver, Truck",0.767128712871287,76.7128712871287,7
Candidate_004,Restaurant Manager,0.7630534351145039,76.30534351145039,8
Candidate_004,Office Administrator,0.7625598086124403,76.25598086124403,9
Candidate_004,Delivery Driver,0.7573872472783826,75.73872472783826,10
Candidate_004,Food Service Supervisor,0.7538709677419355,75.38709677419355,11
Candidate_004,Continuing Care Assistant,0.7525019245573519,75.25019245573519,12
Candidate_004,Inside Sales Representative,0.7401247401247402,74.01247401247402,13
Candidate_004,Retail Sales Associate,0.7401247401247402,74.01247401247402,13
Candidate_004,Administrative Assistant,0.7310924369747899,73.10924369747899,14
Candidate_005,Software Developer,0.522172236503856,52.217223650385606,1
Candidate_005,Bookkeeper,0.5180594900849858,51.80594900849857,2
Candidate_005,Office Manager,0.5179856115107914,51.798561151079134,3
Candidate_005,Secondary School Teacher,0.5122630992196209,51.226309921962084,4
Candidate_005,Office Administrator,0.5083732057416268,50.83732057416268,5
Candidate_005,Restaurant Manager,0.5035114503816793,50.351145038167935,6
Candidate_005,Information Technology (IT) Analyst,0.5022884126407555,50.228841264075555,7
Candidate_005,Food Service Supervisor,0.4996774193548388,49.96774193548388,8
Candidate_005,Inside Sales Representative,0.49757449757449757,49.757449757449756,9
Candidate_005,Retail Sales Associate,0.49757449757449757,49.757449757449756,9
Candidate_005,"Driver, Truck",0.49504950495049505,49.504950495049506,10
Candidate_005,Licensed Practical Nurse (L.P.N.),0.4908403605699331,49.084036056993305,11
Candidate_005,Delivery Driver,0.48561430793157073,48.56143079315707,12
Candidate_005,Continuing Care Assistant,0.47844495765973827,47.844495765973825,13
Candidate_005,Administrative Assistant,0.46655462184873947,46.65546218487395,14
Candidate_006,Software Developer,0.9035989717223649,90.35989717223649,1
Candidate_006,Information Technology (IT) Analyst,0.898292771521976,89.82927715219759,2
Candidate_006,Inside Sales Representative,0.896049896049896,89.6049896049896,3
Candidate_006,Retail Sales Associate,0.896049896049896,89.6049896049896,3
Candidate_006,Administrative Assistant,0.895126050420168,89.5126050420168,4
Candidate_006,Bookkeeper,0.8937677053824362,89.37677053824362,5
Candidate_006,Office Administrator,0.8935406698564594,89.35406698564594,6
Candidate_006,Secondary School Teacher,0.8918617614269787,89.18617614269787,7
Candidate_006,Licensed Practical Nurse (L.P.N.),0.8871765047979063,88.71765047979063,8
Candidate_006,Continuing Care Assistant,0.8870284834488067,88.70284834488066,9
Candidate_006,Office Manager,0.8848920863309352,88.48920863309353,10
Candidate_006,Restaurant Manager,0.881526717557252,88.1526717557252,11
Candidate_006,Delivery Driver,0.8786936236391915,87.86936236391915,12
Candidate_006,"Driver, Truck",0.8764356435643563,87.64356435643563,13
Candidate_006,Food Service Supervisor,0.8748387096774194,87.48387096774194,14
Candidate_007,Administrative Assistant,1.0000000000000002,100.00000000000003,1
Candidate_007,Food Service Supervisor,1.0000000000000002,100.00000000000003,1
Candidate_007,Bookkeeper,1.0,100.0,2
Candidate_007,Continuing Care Assistant,1.0,100.0,2
Candidate_007,Delivery Driver,1.0,100.0,2
Candidate_007,Information Technology (IT) Analyst,1.0,100.0,2
Candidate_007,Inside Sales Representative,1.0,100.0,2
Candidate_007,Licensed Practical Nurse (L.P.N.),1.0,100.0,2
Candidate_007,Office Administrator,1.0,100.0,2
Candidate_007,Office Manager,1.0,100.0,2
Candidate_007,Restaurant Manager,1.0,100.0,2
Candidate_007,Retail Sales Associate,1.0,100.0,2
Candidate_007,Software Developer,1.0,100.0,2
Candidate_007,"Driver, Truck",0.9999999999999999,99.99999999999999,3
Candidate_007,Secondary School Teacher,0.9999999999999999,99.99999999999999,3
Candidate_008,Software Developer,0.6866966580976863,68.66966580976863,1
Candidate_008,Licensed Practical Nurse (L.P.N.),0.6798487932538528,67.98487932538528,2
Candidate_008,Secondary School Teacher,0.6761426978818283,67.61426978818284,3
Candidate_008,Restaurant Manager,0.6714503816793893,67.14503816793894,4
Candidate_008,Information Technology (IT) Analyst,0.6693788594260806,66.93788594260806,5
Candidate_008,Bookkeeper,0.6639518413597734,66.39518413597733,6
Candidate_008,Office Manager,0.6618705035971223,66.18705035971223,7
Candidate_008,"Driver, Truck",0.6582178217821781,65.82178217821782,8
Candidate_008,Food Service Supervisor,0.6570967741935484,65.70967741935483,9
Candidate_008,Delivery Driver,0.6504665629860032,65.04665629860033,10
Candidate_008,Office Administrator,0.6504186602870814,65.04186602870814,11
Candidate_008,Continuing Care Assistant,0.6491531947652041,64.91531947652041,12
Candidate_008,Inside Sales Representative,0.6361746361746362,63.61746361746362,13
Candidate_008,Retail Sales Associate,0.6361746361746362,63.61746361746362,13
Candidate_008,Administrative Assistant,0.6050420168067226,60.50420168067227,14
Candidate_009,Administrative Assistant,0.2564705882352941,25.647058823529413,1
Candidate_009,Office Administrator,0.23175837320574166,23.175837320574168,2
Candidate_009,Delivery Driver,0.2282270606531882,22.82270606531882,3
Candidate_009,"Driver, Truck",0.2277227722772277,22.77227722772277,4
Candidate_009,Bookkeeper,0.22556657223796034,22.556657223796034,5
Candidate_009,Information Technology (IT) Analyst,0.2244097348347257,22.440973483472572,6
Candidate_009,Office Manager,0.22302158273381295,22.302158273381295,7
Candidate_009,Software Developer,0.21690231362467866,21.690231362467866,8
Candidate_009,Secondary School Teacher,0.2123745819397993,21.23745819397993,9
Candidate_009,Continuing Care Assistant,0.21150885296381833,21.150885296381833,10
Candidate_009,Inside Sales Representative,0.2079002079002079,20.79002079002079,11
Candidate_009,Retail Sales Associate,0.2079002079002079,20.79002079002079,11
Candidate_009,Restaurant Manager,0.20610687022900764,20.610687022900763,12
Candidate_009,Licensed Practical Nurse (L.P.N.),0.2035475428903751,20.354754289037512,13
Candidate_009,Food Service Supervisor,0.20161290322580644,20.161290322580644,14
Candidate_010,Office Manager,0.9712230215827338,97.12230215827337,1
Candidate_010,Food Service Supervisor,0.9677419354838711,96.77419354838712,2
Candidate_010,Administrative Assistant,0.9663865546218489,96.63865546218489,3
Candidate_010,Inside Sales Representative,0.9653499653499653,96.53499653499654,4
Candidate_010,Retail Sales Associate,0.9653499653499653,96.53499653499654,4
Candidate_010,Office Administrator,0.9644138755980862,96.44138755980862,5
Candidate_010,"Driver, Truck",0.9603960396039602,96.03960396039602,6
Candidate_010,Bookkeeper,0.9603399433427762,96.03399433427762,7
Candidate_010,Delivery Driver,0.9564541213063764,95.64541213063764,8
Candidate_010,Restaurant Manager,0.9505343511450381,95.05343511450381,9
Candidate_010,Secondary School Teacher,0.9442586399108137,94.42586399108137,10
Candidate_010,Continuing Care Assistant,0.9422632794457275,94.22632794457274,11
Candidate_010,Information Technology (IT) Analyst,0.9346167816926989,93.46167816926989,12
Candidate_010,Software Developer,0.9318766066838046,93.18766066838046,13
Candidate_010,Licensed Practical Nurse (L.P.N.),0.9238150625181739,92.38150625181738,14
Candidate_011,Office Manager,0.6618705035971223,66.18705035971223,1
Candidate_011,"Driver, Truck",0.6483168316831682,64.83168316831683,2
Candidate_011,Office Administrator,0.6447368421052633,64.47368421052633,3
Candidate_011,Secondary School Teacher,0.6446488294314381,64.4648829431438,4
Candidate_011,Software Developer,0.6346401028277635,63.46401028277635,5
Candidate_011,Information Technology (IT) Analyst,0.6303668725027243,63.03668725027243,6
Candidate_011,Administrative Assistant,0.6302521008403361,63.02521008403361,7
Candidate_011,Delivery Driver,0.6263608087091757,62.63608087091757,8
Candidate_011,Restaurant Manager,0.6256488549618321,62.56488549618321,9
Candidate_011,Food Service Supervisor,0.6248387096774194,62.483870967741936,10
Candidate_011,Continuing Care Assistant,0.6202848344880678,62.02848344880678,11
Candidate_011,Bookkeeper,0.615084985835694,61.508498583569406,12
Candidate_011,Inside Sales Representative,0.6146916146916147,61.46916146916147,13
Candidate_011,Retail Sales Associate,0.6146916146916147,61.46916146916147,13
Candidate_011,Licensed Practical Nurse (L.P.N.),0.6144227973248036,61.442279732480365,14
Candidate_012,Software Developer,0.6866966580976863,68.66966580976863,1
Candidate_012,Licensed Practical Nurse (L.P.N.),0.6798487932538528,67.98487932538528,2
Candidate_012,Secondary School Teacher,0.6761426978818283,67.61426978818284,3
Candidate_012,Restaurant Manager,0.6714503816793893,67.14503816793894,4
Candidate_012,Information Technology (IT) Analyst,0.6693788594260806,66.93788594260806,5
Candidate_012,Bookkeeper,0.6639518413597734,66.39518413597733,6
Candidate_012,Office Manager,0.6618705035971223,66.18705035971223,7
Candidate_012,"Driver, Truck",0.6582178217821781,65.82178217821782,8
Candidate_012,Food Service Supervisor,0.6570967741935484,65.70967741935483,9
Candidate_012,Delivery Driver,0.6504665629860032,65.04665629860033,10
Candidate_012,Office Administrator,0.6504186602870814,65.04186602870814,11
Candidate_012,Continuing Care Assistant,0.6491531947652041,64.91531947652041,12
Candidate_012,Inside Sales Representative,0.6361746361746362,63.61746361746362,13
Candidate_012,Retail Sales Associate,0.6361746361746362,63.61746361746362,13
Candidate_012,Administrative Assistant,0.6050420168067226,60.50420168067227,14
Candidate_013,Software Developer,0.522172236503856,52.217223650385606,1
Candidate_013,Bookkeeper,0.5180594900849858,51.80594900849857,2
Candidate_013,Office Manager,0.5179856115107914,51.798561151079134,3
Candidate_013,Secondary School Teacher,0.5122630992196209,51.226309921962084,4
Candidate_013,Office Administrator,0.5083732057416268,50.83732057416268,5
Candidate_013,Restaurant Manager,0.5035114503816793,50.351145038167935,6
Candidate_013,Information Technology (IT) Analyst,0.5022884126407555,50.228841264075555,7
Candidate_013,Food Service Supervisor,0.4996774193548388,49.96774193548388,8
Candidate_013,Inside Sales Representative,0.49757449757449757,49.757449757449756,9
Candidate_013,Retail Sales Associate,0.49757449757449757,49.757449757449756,9
Candidate_013,"Driver, Truck",0.49504950495049505,49.504950495049506,10
Candidate_013,Licensed Practical Nurse (L.P.N.),0.4908403605699331,49.084036056993305,11
Candidate_013,Delivery Driver,0.48561430793157073,48.56143079315707,12
Candidate_013,Continuing Care Assistant,0.47844495765973827,47.844495765973825,13
Candidate_013,Administrative Assistant,0.46655462184873947,46.65546218487395,14
Candidate_014,Software Developer,0.5902956298200515,59.029562982005146,1
Candidate_014,Secondary School Teacher,0.568004459308807,56.800445930880706,2
Candidate_014,Information Technology (IT) Analyst,0.5676716309480566,56.76716309480566,3
Candidate_014,Licensed Practical Nurse (L.P.N.),0.5670252980517592,56.702529805175914,4
Candidate_014,Bookkeeper,0.5577195467422096,55.77195467422096,5
Candidate_014,Restaurant Manager,0.5529770992366412,55.297709923664115,6
Candidate_014,Office Manager,0.5467625899280576,54.67625899280576,7
Candidate_014,Office Administrator,0.5439593301435407,54.39593301435407,8
Candidate_014,Continuing Care Assistant,0.5361816782140107,53.61816782140107,9
Candidate_014,"Driver, Truck",0.5346534653465347,53.46534653465347,10
Candidate_014,Inside Sales Representative,0.5322245322245323,53.222453222453225,11
Candidate_014,Retail Sales Associate,0.5322245322245323,53.222453222453225,11
Candidate_014,Food Service Supervisor,0.5319354838709678,53.193548387096776,12
Candidate_014,Delivery Driver,0.5291601866251944,52.916018662519434,13
Candidate_014,Administrative Assistant,0.5001680672268908,50.016806722689076,14
Candidate_015,Administrative Assistant,1.0000000000000002,100.00000000000003,1
Candidate_015,Food Service Supervisor,1.0000000000000002,100.00000000000003,1
Candidate_015,Bookkeeper,1.0,100.0,2
Candidate_015,Continuing Care Assistant,1.0,100.0,2
Candidate_015,Delivery Driver,1.0,100.0,2
Candidate_015,Information Technology (IT) Analyst,1.0,100.0,2
Candidate_015,Inside Sales Representative,1.0,100.0,2
Candidate_015,Licensed Practical Nurse (L.P.N.),1.0,100.0,2
Candidate_015,Office Administrator,1.0,100.0,2
Candidate_015,Office Manager,1.0,100.0,2
Candidate_015,Restaurant Manager,1.0,100.0,2
Candidate_015,Retail Sales Associate,1.0,100.0,2
Candidate_015,Software Developer,1.0,100.0,2
Candidate_015,"Driver, Truck",0.9999999999999999,99.99999999999999,3
Candidate_015,Secondary School Teacher,0.9999999999999999,99.99999999999999,3
Candidate_016,Software Developer,0.7991645244215939,79.9164524421594,1
Candidate_016,Licensed Practical Nurse (L.P.N.),0.7926722884559465,79.26722884559464,2
Candidate_016,Inside Sales Representative,0.7920997920997921,79.20997920997921,3
Candidate_016,Retail Sales Associate,0.7920997920997921,79.20997920997921,3
Candidate_016,Information Technology (IT) Analyst,0.7920087177624409,79.20087177624409,4
Candidate_016,Secondary School Teacher,0.7909698996655518,79.09698996655517,5
Candidate_016,Restaurant Manager,0.7899236641221374,78.99236641221374,6
Candidate_016,Continuing Care Assistant,0.7836797536566589,78.36797536566588,7
Candidate_016,Bookkeeper,0.78328611898017,78.328611898017,8
Candidate_016,Office Administrator,0.7813995215311006,78.13995215311006,9
Candidate_016,Food Service Supervisor,0.7780645161290323,77.80645161290323,10
Candidate_016,Office Manager,0.776978417266187,77.6978417266187,11
Candidate_016,Delivery Driver,0.7717729393468119,77.17729393468119,12
Candidate_016,Administrative Assistant,0.7690756302521008,76.90756302521008,13
Candidate_016,"Driver, Truck",0.7675247524752474,76.75247524752474,14
Candidate_017,Administrative Assistant,0.8615126050420168,86.15126050420167,1
Candidate_017,Inside Sales Representative,0.8613998613998614,86.13998613998614,2
Candidate_017,Retail Sales Associate,0.8613998613998614,86.13998613998614,2
Candidate_017,Office Administrator,0.8579545454545455,85.79545454545455,3
Candidate_017,Office Manager,0.856115107913669,85.6115107913669,4
Candidate_017,Bookkeeper,0.8541076487252124,85.41076487252124,5
Candidate_017,Food Service Supervisor,0.8425806451612904,84.25806451612904,6
Candidate_017,"Driver, Truck",0.8368316831683167,83.68316831683167,7
Candidate_017,Secondary School Teacher,0.8361204013377925,83.61204013377926,8
Candidate_017,Software Developer,0.8354755784061696,83.54755784061696,9
Candidate_017,Delivery Driver,0.8351477449455678,83.51477449455678,10
Candidate_017,Information Technology (IT) Analyst,0.8329095532146749,83.2909553214675,11
Candidate_017,Restaurant Manager,0.8320610687022901,83.20610687022901,12
Candidate_017,Continuing Care Assistant,0.8292917628945342,82.92917628945342,13
Candidate_017,Licensed Practical Nurse (L.P.N.),0.8109915673160802,81.09915673160802,14
Candidate_018,Administrative Assistant,1.0000000000000002,100.00000000000003,1
Candidate_018,Food Service Supervisor,1.0000000000000002,100.00000000000003,1
Candidate_018,Bookkeeper,1.0,100.0,2
Candidate_018,Continuing Care Assistant,1.0,100.0,2
Candidate_018,Delivery Driver,1.0,100.0,2
Candidate_018,Information Technology (IT) Analyst,1.0,100.0,2
Candidate_018,Inside Sales Representative,1.0,100.0,2
Candidate_018,Licensed Practical Nurse (L.P.N.),1.0,100.0,2
Candidate_018,Office Administrator,1.0,100.0,2
Candidate_018,Office Manager,1.0,100.0,2
Candidate_018,Restaurant Manager,1.0,100.0,2
Candidate_018,Retail Sales Associate,1.0,100.0,2
Candidate_018,Software Developer,1.0,100.0,2
Candidate_018,"Driver, Truck",0.9999999999999999,99.99999999999999,3
Candidate_018,Secondary School Teacher,0.9999999999999999,99.99999999999999,3
Candidate_019,Office Manager,0.7410071942446043,74.10071942446042,1
Candidate_019,Bookkeeper,0.7347733711048159,73.47733711048159,2
Candidate_019,"Driver, Truck",0.7275247524752474,72.75247524752474,3
Candidate_019,Office Administrator,0.7269736842105264,72.69736842105264,4
Candidate_019,Software Developer,0.7230077120822622,72.30077120822622,5
Candidate_019,Food Service Supervisor,0.7216129032258065,72.16129032258065,6
Candidate_019,Secondary School Teacher,0.7212931995540691,72.12931995540691,7
Candidate_019,Delivery Driver,0.7138413685847589,71.38413685847588,8
Candidate_019,Restaurant Manager,0.713587786259542,71.3587786259542,9
Candidate_019,Information Technology (IT) Analyst,0.7102796948783145,71.02796948783146,10
Candidate_019,Inside Sales Representative,0.7054747054747055,70.54747054747055,11
Candidate_019,Retail Sales Associate,0.7054747054747055,70.54747054747055,11
Candidate_019,Licensed Practical Nurse (L.P.N.),0.6981680721139866,69.81680721139865,12
Candidate_019,Administrative Assistant,0.6974789915966386,69.74789915966386,13
Candidate_019,Continuing Care Assistant,0.6947652040030794,69.47652040030793,14
Candidate_020,Bookkeeper,0.6285410764872521,62.85410764872521,1
Candidate_020,Software Developer,0.6266066838046273,62.660668380462724,2
Candidate_020,Office Manager,0.6258992805755395,62.58992805755395,3
Candidate_020,Office Administrator,0.6205143540669857,62.05143540669857,4
Candidate_020,Secondary School Teacher,0.6131549609810479,61.315496098104795,5
Candidate_020,Information Technology (IT) Analyst,0.6085724664002905,60.85724664002905,6
Candidate_020,"Driver, Truck",0.6039603960396038,60.39603960396038,7
Candidate_020,Inside Sales Representative,0.6015246015246015,60.15246015246015,8
Candidate_020,Retail Sales Associate,0.6015246015246015,60.15246015246015,8
Candidate_020,Food Service Supervisor,0.5964516129032259,59.64516129032259,9
Candidate_020,Restaurant Manager,0.5951145038167939,59.51145038167939,10
Candidate_020,Administrative Assistant,0.5926050420168067,59.260504201680675,11
Candidate_020,Delivery Driver,0.5925349922239502,59.25349922239502,12
Candidate_020,Licensed Practical Nurse (L.P.N.),0.585344576911893,58.5344576911893,13
Candidate_020,Continuing Care Assistant,0.5817936874518861,58.17936874518861,14
Candidate_021,Bookkeeper,0.6285410764872521,62.85410764872521,1
Candidate_021,Software Developer,0.6266066838046273,62.660668380462724,2
Candidate_021,Office Manager,0.6258992805755395,62.58992805755395,3
Candidate_021,Office Administrator,0.6205143540669857,62.05143540669857,4
Candidate_021,Secondary School Teacher,0.6131549609810479,61.315496098104795,5
Candidate_021,Information Technology (IT) Analyst,0.6085724664002905,60.85724664002905,6
Candidate_021,"Driver, Truck",0.6039603960396038,60.39603960396038,7
Candidate_021,Inside Sales Representative,0.6015246015246015,60.15246015246015,8
Candidate_021,Retail Sales Associate,0.6015246015246015,60.15246015246015,8
Candidate_021,Food Service Supervisor,0.5964516129032259,59.64516129032259,9
Candidate_021,Restaurant Manager,0.5951145038167939,59.51145038167939,10
Candidate_021,Administrative Assistant,0.5926050420168067,59.260504201680675,11
Candidate_021,Delivery Driver,0.5925349922239502,59.25349922239502,12
Candidate_021,Licensed Practical Nurse (L.P.N.),0.585344576911893,58.5344576911893,13
Candidate_021,Continuing Care Assistant,0.5817936874518861,58.17936874518861,14
Candidate_022,Office Manager,0.9712230215827338,97.12230215827337,1
Candidate_022,Food Service Supervisor,0.9677419354838711,96.77419354838712,2
Candidate_022,Administrative Assistant,0.9663865546218489,96.63865546218489,3
Candidate_022,Inside Sales Representative,0.9653499653499653,96.53499653499654,4
Candidate_022,Retail Sales Associate,0.9653499653499653,96.53499653499654,4
Candidate_022,Office Administrator,0.9644138755980862,96.44138755980862,5
Candidate_022,"Driver, Truck",0.9603960396039602,96.03960396039602,6
Candidate_022,Bookkeeper,0.9603399433427762,96.03399433427762,7
Candidate_022,Delivery Driver,0.9564541213063764,95.64541213063764,8
Candidate_022,Restaurant Manager,0.9505343511450381,95.05343511450381,9
Candidate_022,Secondary School Teacher,0.9442586399108137,94.42586399108137,10
Candidate_022,Continuing Care Assistant,0.9422632794457275,94.22632794457274,11
Candidate_022,Information Technology (IT) Analyst,0.9346167816926989,93.46167816926989,12
Candidate_022,Software Developer,0.9318766066838046,93.18766066838046,13
Candidate_022,Licensed Practical Nurse (L.P.N.),0.9238150625181739,92.38150625181738,14
Candidate_023,Office Manager,0.5467625899280575,54.67625899280575,1
Candidate_023,Office Administrator,0.5382775119617226,53.82775119617226,2
Candidate_023,Software Developer,0.5382390745501285,53.82390745501285,3
Candidate_023,Secondary School Teacher,0.5365105908584169,53.65105908584169,4
Candidate_023,Information Technology (IT) Analyst,0.5286596440247002,52.86596440247002,5
Candidate_023,Administrative Assistant,0.5253781512605042,52.537815126050425,6
Candidate_023,"Driver, Truck",0.5247524752475247,52.47524752475247,7
Candidate_023,Inside Sales Representative,0.5107415107415108,51.074151074151075,8
Candidate_023,Retail Sales Associate,0.5107415107415108,51.074151074151075,8
Candidate_023,Bookkeeper,0.5088526912181303,50.885269121813025,9
Candidate_023,Continuing Care Assistant,0.5073133179368745,50.73133179368745,10
Candidate_023,Restaurant Manager,0.507175572519084,50.717557251908396,11
Candidate_023,Delivery Driver,0.505054432348367,50.5054432348367,12
Candidate_023,Licensed Practical Nurse (L.P.N.),0.5015993021227101,50.15993021227101,13
Candidate_023,Food Service Supervisor,0.4996774193548388,49.96774193548388,14
Candidate_024,Office Manager,0.7410071942446043,74.10071942446042,1
Candidate_024,Bookkeeper,0.7347733711048159,73.47733711048159,2
Candidate_024,"Driver, Truck",0.7275247524752474,72.75247524752474,3
Candidate_024,Office Administrator,0.7269736842105264,72.69736842105264,4
Candidate_024,Software Developer,0.7230077120822622,72.30077120822622,5
Candidate_024,Food Service Supervisor,0.7216129032258065,72.16129032258065,6
Candidate_024,Secondary School Teacher,0.7212931995540691,72.12931995540691,7
Candidate_024,Delivery Driver,0.7138413685847589,71.38413685847588,8
Candidate_024,Restaurant Manager,0.713587786259542,71.3587786259542,9
Candidate_024,Information Technology (IT) Analyst,0.7102796948783145,71.02796948783146,10
Candidate_024,Inside Sales Representative,0.7054747054747055,70.54747054747055,11
Candidate_024,Retail Sales Associate,0.7054747054747055,70.54747054747055,11
Candidate_024,Licensed Practical Nurse (L.P.N.),0.6981680721139866,69.81680721139865,12
Candidate_024,Administrative Assistant,0.6974789915966386,69.74789915966386,13
Candidate_024,Continuing Care Assistant,0.6947652040030794,69.47652040030793,14
Candidate_025,Software Developer,0.6947300771208227,69.47300771208226,1
Candidate_025,Information Technology (IT) Analyst,0.6739556847075916,67.39556847075916,2
Candidate_025,Secondary School Teacher,0.6688963210702341,66.88963210702342,3
Candidate_025,Bookkeeper,0.6682011331444759,66.8201133144476,4
Candidate_025,Licensed Practical Nurse (L.P.N.),0.6615295143937191,66.1529514393719,5
Candidate_025,Office Administrator,0.6561004784688996,65.61004784688997,6
Candidate_025,Office Manager,0.6546762589928057,65.46762589928056,7
Candidate_025,Restaurant Manager,0.6445801526717557,64.45801526717557,8
Candidate_025,"Driver, Truck",0.6435643564356435,64.35643564356435,9
Candidate_025,Continuing Care Assistant,0.6395304080061586,63.95304080061586,10
Candidate_025,Inside Sales Representative,0.6361746361746362,63.61746361746362,11
Candidate_025,Retail Sales Associate,0.6361746361746362,63.61746361746362,11
Candidate_025,Delivery Driver,0.6360808709175739,63.60808709175739,12
Candidate_025,Food Service Supervisor,0.6287096774193549,62.87096774193549,13
Candidate_025,Administrative Assistant,0.626218487394958,62.6218487394958,14
Candidate_026,Software Developer,0.6866966580976863,68.66966580976863,1
Candidate_026,Licensed Practical Nurse (L.P.N.),0.6798487932538528,67.98487932538528,2
Candidate_026,Secondary School Teacher,0.6761426978818283,67.61426978818284,3
Candidate_026,Restaurant Manager,0.6714503816793893,67.14503816793894,4
Candidate_026,Information Technology (IT) Analyst,0.6693788594260806,66.93788594260806,5
Candidate_026,Bookkeeper,0.6639518413597734,66.39518413597733,6
Candidate_026,Office Manager,0.6618705035971223,66.18705035971223,7
Candidate_026,"Driver, Truck",0.6582178217821781,65.82178217821782,8
Candidate_026,Food Service Supervisor,0.6570967741935484,65.70967741935483,9
Candidate_026,Delivery Driver,0.6504665629860032,65.04665629860033,10
Candidate_026,Office Administrator,0.6504186602870814,65.04186602870814,11
Candidate_026,Continuing Care Assistant,0.6491531947652041,64.91531947652041,12
Candidate_026,Inside Sales Representative,0.6361746361746362,63.61746361746362,13
Candidate_026,Retail Sales Associate,0.6361746361746362,63.61746361746362,13
Candidate_026,Administrative Assistant,0.6050420168067226,60.50420168067227,14
Candidate_027,Office Manager,0.5467625899280575,54.67625899280575,1
Candidate_027,Office Administrator,0.5382775119617226,53.82775119617226,2
Candidate_027,Software Developer,0.5382390745501285,53.82390745501285,3
Candidate_027,Secondary School Teacher,0.5365105908584169,53.65105908584169,4
Candidate_027,Information Technology (IT) Analyst,0.5286596440247002,52.86596440247002,5
Candidate_027,Administrative Assistant,0.5253781512605042,52.537815126050425,6
Candidate_027,"Driver, Truck",0.5247524752475247,52.47524752475247,7
Candidate_027,Inside Sales Representative,0.5107415107415108,51.074151074151075,8
Candidate_027,Retail Sales Associate,0.5107415107415108,51.074151074151075,8
Candidate_027,Bookkeeper,0.5088526912181303,50.885269121813025,9
Candidate_027,Continuing Care Assistant,0.5073133179368745,50.73133179368745,10
Candidate_027,Restaurant Manager,0.507175572519084,50.717557251908396,11
Candidate_027,Delivery Driver,0.505054432348367,50.5054432348367,12
Candidate_027,Licensed Practical Nurse (L.P.N.),0.5015993021227101,50.15993021227101,13
Candidate_027,Food Service Supervisor,0.4996774193548388,49.96774193548388,14
Candidate_028,Office Manager,0.5467625899280575,54.67625899280575,1
Candidate_028,Office Administrator,0.5382775119617226,53.82775119617226,2
Candidate_028,Software Developer,0.5382390745501285,53.82390745501285,3
Candidate_028,Secondary School Teacher,0.5365105908584169,53.65105908584169,4
Candidate_028,Information Technology (IT) Analyst,0.5286596440247002,52.86596440247002,5
Candidate_028,Administrative Assistant,0.5253781512605042,52.537815126050425,6
Candidate_028,"Driver, Truck",0.5247524752475247,52.47524752475247,7
Candidate_028,Inside Sales Representative,0.5107415107415108,51.074151074151075,8
Candidate_028,Retail Sales Associate,0.5107415107415108,51.074151074151075,8
Candidate_028,Bookkeeper,0.5088526912181303,50.885269121813025,9
Candidate_028,Continuing Care Assistant,0.5073133179368745,50.73133179368745,10
Candidate_028,Restaurant Manager,0.507175572519084,50.717557251908396,11
Candidate_028,Delivery Driver,0.505054432348367,50.5054432348367,12
Candidate_028,Licensed Practical Nurse (L.P.N.),0.5015993021227101,50.15993021227101,13
Candidate_028,Food Service Supervisor,0.4996774193548388,49.96774193548388,14
Candidate_029,Administrative Assistant,1.0000000000000002,100.00000000000003,1
Candidate_029,Food Service Supervisor,1.0000000000000002,100.00000000000003,1
Candidate_029,Bookkeeper,1.0,100.0,2
Candidate_029,Continuing Care Assistant,1.0,100.0,2
Candidate_029,Delivery Driver,1.0,100.0,2
Candidate_029,Information Technology (IT) Analyst,1.0,100.0,2
Candidate_029,Inside Sales Representative,1.0,100.0,2
Candidate_029,Licensed Practical Nurse (L.P.N.),1.0,100.0,2
Candidate_029,Office Administrator,1.0,100.0,2
Candidate_029,Office Manager,1.0,100.0,2
Candidate_029,Restaurant Manager,1.0,100.0,2
Candidate_029,Retail Sales Associate,1.0,100.0,2
Candidate_029,Software Developer,1.0,100.0,2
Candidate_029,"Driver, Truck",0.9999999999999999,99.99999999999999,3
Candidate_029,Secondary School Teacher,0.9999999999999999,99.99999999999999,3
Candidate_030,Office Manager,0.5467625899280575,54.67625899280575,1
Candidate_030,Office Administrator,0.5382775119617226,53.82775119617226,2
Candidate_030,Software Developer,0.5382390745501285,53.82390745501285,3
Candidate_030,Secondary School Teacher,0.5365105908584169,53.65105908584169,4
Candidate_030,Information Technology (IT) Analyst,0.5286596440247002,52.86596440247002,5
Candidate_030,Administrative Assistant,0.5253781512605042,52.537815126050425,6
Candidate_030,"Driver, Truck",0.5247524752475247,52.47524752475247,7
Candidate_030,Inside Sales Representative,0.5107415107415108,51.074151074151075,8
Candidate_030,Retail Sales Associate,0.5107415107415108,51.074151074151075,8
Candidate_030,Bookkeeper,0.5088526912181303,50.885269121813025,9
Candidate_030,Continuing Care Assistant,0.5073133179368745,50.73133179368745,10
Candidate_030,Restaurant Manager,0.507175572519084,50.717557251908396,11
Candidate_030,Delivery Driver,0.505054432348367,50.5054432348367,12
Candidate_030,Licensed Practical Nurse (L.P.N.),0.5015993021227101,50.15993021227101,13
Candidate_030,Food Service Supervisor,0.4996774193548388,49.96774193548388,14
Candidate_031,Administrative Assistant,0.8615126050420168,86.15126050420167,1
Candidate_031,Inside Sales Representative,0.8613998613998614,86.13998613998614,2
Candidate_031,Retail Sales Associate,0.8613998613998614,86.13998613998614,2
Candidate_031,Office Administrator,0.8579545454545455,85.79545454545455,3
Candidate_031,Office Manager,0.856115107913669,85.6115107913669,4
Candidate_031,Bookkeeper,0.8541076487252124,85.41076487252124,5
Candidate_031,Food Service Supervisor,0.8425806451612904,84.25806451612904,6
Candidate_031,"Driver, Truck",0.8368316831683167,83.68316831683167,7
Candidate_031,Secondary School Teacher,0.8361204013377925,83.61204013377926,8
Candidate_031,Software Developer,0.8354755784061696,83.54755784061696,9
Candidate_031,Delivery Driver,0.8351477449455678,83.51477449455678,10
Candidate_031,Information Technology (IT) Analyst,0.8329095532146749,83.2909553214675,11
Candidate_031,Restaurant Manager,0.8320610687022901,83.20610687022901,12
Candidate_031,Continuing Care Assistant,0.8292917628945342,82.92917628945342,13
Candidate_031,Licensed Practical Nurse (L.P.N.),0.8109915673160802,81.09915673160802,14
Candidate_032,Administrative Assistant,1.0000000000000002,100.00000000000003,1
Candidate_032,Food Service Supervisor,1.0000000000000002,100.00000000000003,1
Candidate_032,Bookkeeper,1.0,100.0,2
Candidate_032,Continuing Care Assistant,1.0,100.0,2
Candidate_032,Delivery Driver,1.0,100.0,2
Candidate_032,Information Technology (IT) Analyst,1.0,100.0,2
Candidate_032,Inside Sales Representative,1.0,100.0,2
Candidate_032,Licensed Practical Nurse (L.P.N.),1.0,100.0,2
Candidate_032,Office Administrator,1.0,100.0,2
Candidate_032,Office Manager,1.0,100.0,2
Candidate_032,Restaurant Manager,1.0,100.0,2
Candidate_032,Retail Sales Associate,1.0,100.0,2
Candidate_032,Software Developer,1.0,100.0,2
Candidate_032,"Driver, Truck",0.9999999999999999,99.99999999999999,3
Candidate_032,Secondary School Teacher,0.9999999999999999,99.99999999999999,3
Candidate_033,Administrative Assistant,0.8991596638655464,89.91596638655463,1
Candidate_033,Office Manager,0.8920863309352518,89.20863309352518,2
Candidate_033,Office Administrator,0.8821770334928231,88.2177033492823,3
Candidate_033,"Driver, Truck",0.8811881188118811,88.11881188118811,4
Candidate_033,Inside Sales Representative,0.8745668745668745,87.45668745668745,5
Candidate_033,Retail Sales Associate,0.8745668745668745,87.45668745668745,5
Candidate_033,Food Service Supervisor,0.870967741935484,87.0967741935484,6
Candidate_033,Delivery Driver,0.8689735614307932,86.89735614307932,7
Candidate_033,Continuing Care Assistant,0.8677829099307159,86.7782909930716,8
Candidate_033,Secondary School Teacher,0.8676142697881827,86.76142697881826,9
Candidate_033,Restaurant Manager,0.8625954198473282,86.25954198473282,10
Candidate_033,Information Technology (IT) Analyst,0.8547039593171086,85.47039593171087,11
Candidate_033,Software Developer,0.8435089974293059,84.35089974293058,12
Candidate_033,Bookkeeper,0.8406515580736544,84.06515580736544,13
Candidate_033,Licensed Practical Nurse (L.P.N.),0.840069787728991,84.0069787728991,14
Candidate_034,Office Manager,0.9712230215827338,97.12230215827337,1
Candidate_034,Food Service Supervisor,0.9677419354838711,96.77419354838712,2
Candidate_034,Administrative Assistant,0.9663865546218489,96.63865546218489,3
Candidate_034,Inside Sales Representative,0.9653499653499653,96.53499653499654,4
Candidate_034,Retail Sales Associate,0.9653499653499653,96.53499653499654,4
Candidate_034,Office Administrator,0.9644138755980862,96.44138755980862,5
Candidate_034,"Driver, Truck",0.9603960396039602,96.03960396039602,6
Candidate_034,Bookkeeper,0.9603399433427762,96.03399433427762,7
Candidate_034,Delivery Driver,0.9564541213063764,95.64541213063764,8
Candidate_034,Restaurant Manager,0.9505343511450381,95.05343511450381,9
Candidate_034,Secondary School Teacher,0.9442586399108137,94.42586399108137,10
Candidate_034,Continuing Care Assistant,0.9422632794457275,94.22632794457274,11
Candidate_034,Information Technology (IT) Analyst,0.9346167816926989,93.46167816926989,12
Candidate_034,Software Developer,0.9318766066838046,93.18766066838046,13
Candidate_034,Licensed Practical Nurse (L.P.N.),0.9238150625181739,92.38150625181738,14
Candidate_035,Software Developer,0.9035989717223649,90.35989717223649,1
Candidate_035,Information Technology (IT) Analyst,0.898292771521976,89.82927715219759,2
Candidate_035,Inside Sales Representative,0.896049896049896,89.6049896049896,3
Candidate_035,Retail Sales Associate,0.896049896049896,89.6049896049896,3
Candidate_035,Administrative Assistant,0.895126050420168,89.5126050420168,4
Candidate_035,Bookkeeper,0.8937677053824362,89.37677053824362,5
Candidate_035,Office Administrator,0.8935406698564594,89.35406698564594,6
Candidate_035,Secondary School Teacher,0.8918617614269787,89.18617614269787,7
Candidate_035,Licensed Practical Nurse (L.P.N.),0.8871765047979063,88.71765047979063,8
Candidate_035,Continuing Care Assistant,0.8870284834488067,88.70284834488066,9
Candidate_035,Office Manager,0.8848920863309352,88.48920863309353,10
Candidate_035,Restaurant Manager,0.881526717557252,88.1526717557252,11
Candidate_035,Delivery Driver,0.8786936236391915,87.86936236391915,12
Candidate_035,"Driver, Truck",0.8764356435643563,87.64356435643563,13
Candidate_035,Food Service Supervisor,0.8748387096774194,87.48387096774194,14
Candidate_036,Administrative Assistant,0.8991596638655464,89.91596638655463,1
Candidate_036,Office Manager,0.8920863309352518,89.20863309352518,2
Candidate_036,Office Administrator,0.8821770334928231,88.2177033492823,3
Candidate_036,"Driver, Truck",0.8811881188118811,88.11881188118811,4
Candidate_036,Inside Sales Representative,0.8745668745668745,87.45668745668745,5
Candidate_036,Retail Sales Associate,0.8745668745668745,87.45668745668745,5
Candidate_036,Food Service Supervisor,0.870967741935484,87.0967741935484,6
Candidate_036,Delivery Driver,0.8689735614307932,86.89735614307932,7
Candidate_036,Continuing Care Assistant,0.8677829099307159,86.7782909930716,8
Candidate_036,Secondary School Teacher,0.8676142697881827,86.76142697881826,9
Candidate_036,Restaurant Manager,0.8625954198473282,86.25954198473282,10
Candidate_036,Information Technology (IT) Analyst,0.8547039593171086,85.47039593171087,11
Candidate_036,Software Developer,0.8435089974293059,84.35089974293058,12
Candidate_036,Bookkeeper,0.8406515580736544,84.06515580736544,13
Candidate_036,Licensed Practical Nurse (L.P.N.),0.840069787728991,84.0069787728991,14
Candidate_037,Software Developer,0.7911311053984575,79.11311053984575,1
Candidate_037,Secondary School Teacher,0.7770345596432553,77.70345596432553,2
Candidate_037,Information Technology (IT) Analyst,0.7756629131856156,77.56629131856157,3
Candidate_037,Bookkeeper,0.7744334277620397,77.44334277620398,4
Candidate_037,Licensed Practical Nurse (L.P.N.),0.7743530095958127,77.43530095958127,5
Candidate_037,Office Manager,0.7697841726618705,76.97841726618705,6
Candidate_037,"Driver, Truck",0.767128712871287,76.7128712871287,7
Candidate_037,Restaurant Manager,0.7630534351145039,76.30534351145039,8
Candidate_037,Office Administrator,0.7625598086124403,76.25598086124403,9
Candidate_037,Delivery Driver,0.7573872472783826,75.73872472783826,10
Candidate_037,Food Service Supervisor,0.7538709677419355,75.38709677419355,11
Candidate_037,Continuing Care Assistant,0.7525019245573519,75.25019245573519,12
Candidate_037,Inside Sales Representative,0.7401247401247402,74.01247401247402,13
Candidate_037,Retail Sales Associate,0.7401247401247402,74.01247401247402,13
Candidate_037,Administrative Assistant,0.7310924369747899,73.10924369747899,14
Candidate_038,Software Developer,0.6947300771208227,69.47300771208226,1
Candidate_038,Information Technology (IT) Analyst,0.6739556847075916,67.39556847075916,2
Candidate_038,Secondary School Teacher,0.6688963210702341,66.88963210702342,3
Candidate_038,Bookkeeper,0.6682011331444759,66.8201133144476,4
Candidate_038,Licensed Practical Nurse (L.P.N.),0.6615295143937191,66.1529514393719,5
Candidate_038,Office Administrator,0.6561004784688996,65.61004784688997,6
Candidate_038,Office Manager,0.6546762589928057,65.46762589928056,7
Candidate_038,Restaurant Manager,0.6445801526717557,64.45801526717557,8
Candidate_038,"Driver, Truck",0.6435643564356435,64.35643564356435,9
Candidate_038,Continuing Care Assistant,0.6395304080061586,63.95304080061586,10
Candidate_038,Inside Sales Representative,0.6361746361746362,63.61746361746362,11
Candidate_038,Retail Sales Associate,0.6361746361746362,63.61746361746362,11
Candidate_038,Delivery Driver,0.6360808709175739,63.60808709175739,12
Candidate_038,Food Service Supervisor,0.6287096774193549,62.87096774193549,13
Candidate_038,Administrative Assistant,0.626218487394958,62.6218487394958,14
Candidate_039,Administrative Assistant,1.0000000000000002,100.00000000000003,1
Candidate_039,Food Service Supervisor,1.0000000000000002,100.00000000000003,1
Candidate_039,Bookkeeper,1.0,100.0,2
Candidate_039,Continuing Care Assistant,1.0,100.0,2
Candidate_039,Delivery Driver,1.0,100.0,2
Candidate_039,Information Technology (IT) Analyst,1.0,100.0,2
Candidate_039,Inside Sales Representative,1.0,100.0,2
Candidate_039,Licensed Practical Nurse (L.P.N.),1.0,100.0,2
Candidate_039,Office Administrator,1.0,100.0,2
Candidate_039,Office Manager,1.0,100.0,2
Candidate_039,Restaurant Manager,1.0,100.0,2
Candidate_039,Retail Sales Associate,1.0,100.0,2
Candidate_039,Software Developer,1.0,100.0,2
Candidate_039,"Driver, Truck",0.9999999999999999,99.99999999999999,3
Candidate_039,Secondary School Teacher,0.9999999999999999,99.99999999999999,3
Candidate_040,Software Developer,0.5902956298200515,59.029562982005146,1
Candidate_040,Secondary School Teacher,0.568004459308807,56.800445930880706,2
Candidate_040,Information Technology (IT) Analyst,0.5676716309480566,56.76716309480566,3
Candidate_040,Licensed Practical Nurse (L.P.N.),0.5670252980517592,56.702529805175914,4
Candidate_040,Bookkeeper,0.5577195467422096,55.77195467422096,5
Candidate_040,Restaurant Manager,0.5529770992366412,55.297709923664115,6
Candidate_040,Office Manager,0.5467625899280576,54.67625899280576,7
Candidate_040,Office Administrator,0.5439593301435407,54.39593301435407,8
Candidate_040,Continuing Care Assistant,0.5361816782140107,53.61816782140107,9
Candidate_040,"Driver, Truck",0.5346534653465347,53.46534653465347,10
Candidate_040,Inside Sales Representative,0.5322245322245323,53.222453222453225,11
Candidate_040,Retail Sales Associate,0.5322245322245323,53.222453222453225,11
Candidate_040,Food Service Supervisor,0.5319354838709678,53.193548387096776,12
Candidate_040,Delivery Driver,0.5291601866251944,52.916018662519434,13
Candidate_040,Administrative Assistant,0.5001680672268908,50.016806722689076,14
Candidate_041,Office Manager,0.7410071942446043,74.10071942446042,1
Candidate_041,Bookkeeper,0.7347733711048159,73.47733711048159,2
Candidate_041,"Driver, Truck",0.7275247524752474,72.75247524752474,3
Candidate_041,Office Administrator,0.7269736842105264,72.69736842105264,4
Candidate_041,Software Developer,0.7230077120822622,72.30077120822622,5
Candidate_041,Food Service Supervisor,0.7216129032258065,72.16129032258065,6
Candidate_041,Secondary School Teacher,0.7212931995540691,72.12931995540691,7
Candidate_041,Delivery Driver,0.7138413685847589,71.38413685847588,8
Candidate_041,Restaurant Manager,0.713587786259542,71.3587786259542,9
Candidate_041,Information Technology (IT) Analyst,0.7102796948783145,71.02796948783146,10
Candidate_041,Inside Sales Representative,0.7054747054747055,70.54747054747055,11
Candidate_041,Retail Sales Associate,0.7054747054747055,70.54747054747055,11
Candidate_041,Licensed Practical Nurse (L.P.N.),0.6981680721139866,69.81680721139865,12
Candidate_041,Administrative Assistant,0.6974789915966386,69.74789915966386,13
Candidate_041,Continuing Care Assistant,0.6947652040030794,69.47652040030793,14
Candidate_042,Software Developer,0.5902956298200515,59.029562982005146,1
Candidate_042,Secondary School Teacher,0.568004459308807,56.800445930880706,2
Candidate_042,Information Technology (IT) Analyst,0.5676716309480566,56.76716309480566,3
Candidate_042,Licensed Practical Nurse (L.P.N.),0.5670252980517592,56.702529805175914,4
Candidate_042,Bookkeeper,0.5577195467422096,55.77195467422096,5
Candidate_042,Restaurant Manager,0.5529770992366412,55.297709923664115,6
Candidate_042,Office Manager,0.5467625899280576,54.67625899280576,7
Candidate_042,Office Administrator,0.5439593301435407,54.39593301435407,8
Candidate_042,Continuing Care Assistant,0.5361816782140107,53.61816782140107,9
Candidate_042,"Driver, Truck",0.5346534653465347,53.46534653465347,10
Candidate_042,Inside Sales Representative,0.5322245322245323,53.222453222453225,11
Candidate_042,Retail Sales Associate,0.5322245322245323,53.222453222453225,11
Candidate_042,Food Service Supervisor,0.5319354838709678,53.193548387096776,12
Candidate_042,Delivery Driver,0.5291601866251944,52.916018662519434,13
Candidate_042,Administrative Assistant,0.5001680672268908,50.016806722689076,14
Candidate_043,Software Developer,0.7991645244215939,79.9164524421594,1
Candidate_043,Licensed Practical Nurse (L.P.N.),0.7926722884559465,79.26722884559464,2
Candidate_043,Inside Sales Representative,0.7920997920997921,79.20997920997921,3
Candidate_043,Retail Sales Associate,0.7920997920997921,79.20997920997921,3
Candidate_043,Information Technology (IT) Analyst,0.7920087177624409,79.20087177624409,4
Candidate_043,Secondary School Teacher,0.7909698996655518,79.09698996655517,5
Candidate_043,Restaurant Manager,0.7899236641221374,78.99236641221374,6
Candidate_043,Continuing Care Assistant,0.7836797536566589,78.36797536566588,7
Candidate_043,Bookkeeper,0.78328611898017,78.328611898017,8
Candidate_043,Office Administrator,0.7813995215311006,78.13995215311006,9
Candidate_043,Food Service Supervisor,0.7780645161290323,77.80645161290323,10
Candidate_043,Office Manager,0.776978417266187,77.6978417266187,11
Candidate_043,Delivery Driver,0.7717729393468119,77.17729393468119,12
Candidate_043,Administrative Assistant,0.7690756302521008,76.90756302521008,13
Candidate_043,"Driver, Truck",0.7675247524752474,76.75247524752474,14
Candidate_044,Software Developer,0.7911311053984575,79.11311053984575,1
Candidate_044,Secondary School Teacher,0.7770345596432553,77.70345596432553,2
Candidate_044,Information Technology (IT) Analyst,0.7756629131856156,77.56629131856157,3
Candidate_044,Bookkeeper,0.7744334277620397,77.44334277620398,4
Candidate_044,Licensed Practical Nurse (L.P.N.),0.7743530095958127,77.43530095958127,5
Candidate_044,Office Manager,0.7697841726618705,76.97841726618705,6
Candidate_044,"Driver, Truck",0.767128712871287,76.7128712871287,7
Candidate_044,Restaurant Manager,0.7630534351145039,76.30534351145039,8
Candidate_044,Office Administrator,0.7625598086124403,76.25598086124403,9
Candidate_044,Delivery Driver,0.7573872472783826,75.73872472783826,10
Candidate_044,Food Service Supervisor,0.7538709677419355,75.38709677419355,11
Candidate_044,Continuing Care Assistant,0.7525019245573519,75.25019245573519,12
Candidate_044,Inside Sales Representative,0.7401247401247402,74.01247401247402,13
Candidate_044,Retail Sales Associate,0.7401247401247402,74.01247401247402,13
Candidate_044,Administrative Assistant,0.7310924369747899,73.10924369747899,14
Candidate_045,Administrative Assistant,0.7983193277310925,79.83193277310924,1
Candidate_045,Delivery Driver,0.7962674961119752,79.62674961119752,2
Candidate_045,Bookkeeper,0.7921388101983002,79.21388101983003,3
Candidate_045,"Driver, Truck",0.7821782178217821,78.2178217821782,4
Candidate_045,Inside Sales Representative,0.7706167706167706,77.06167706167706,5
Candidate_045,Retail Sales Associate,0.7706167706167706,77.06167706167706,5
Candidate_045,Food Service Supervisor,0.7703225806451613,77.03225806451613,6
Candidate_045,Office Administrator,0.7645035885167465,76.45035885167465,7
Candidate_045,Restaurant Manager,0.76,76.0,8
Candidate_045,Continuing Care Assistant,0.7594303310238646,75.94303310238647,9
Candidate_045,Office Manager,0.759136690647482,75.9136690647482,10
Candidate_045,Information Technology (IT) Analyst,0.7430439520523066,74.30439520523066,11
Candidate_045,Software Developer,0.7352185089974292,73.52185089974293,12
Candidate_045,Licensed Practical Nurse (L.P.N.),0.7348066298342542,73.48066298342542,13
Candidate_045,Secondary School Teacher,0.7282608695652173,72.82608695652173,14
Candidate_046,Bookkeeper,0.6285410764872521,62.85410764872521,1
Candidate_046,Software Developer,0.6266066838046273,62.660668380462724,2
Candidate_046,Office Manager,0.6258992805755395,62.58992805755395,3
Candidate_046,Office Administrator,0.6205143540669857,62.05143540669857,4
Candidate_046,Secondary School Teacher,0.6131549609810479,61.315496098104795,5
Candidate_046,Information Technology (IT) Analyst,0.6085724664002905,60.85724664002905,6
Candidate_046,"Driver, Truck",0.6039603960396038,60.39603960396038,7
Candidate_046,Inside Sales Representative,0.6015246015246015,60.15246015246015,8
Candidate_046,Retail Sales Associate,0.6015246015246015,60.15246015246015,8
Candidate_046,Food Service Supervisor,0.5964516129032259,59.64516129032259,9
Candidate_046,Restaurant Manager,0.5951145038167939,59.51145038167939,10
Candidate_046,Administrative Assistant,0.5926050420168067,59.260504201680675,11
Candidate_046,Delivery Driver,0.5925349922239502,59.25349922239502,12
Candidate_046,Licensed Practical Nurse (L.P.N.),0.585344576911893,58.5344576911893,13
Candidate_046,Continuing Care Assistant,0.5817936874518861,58.17936874518861,14
Candidate_047,Office Manager,0.9712230215827338,97.12230215827337,1
Candidate_047,Food Service Supervisor,0.9677419354838711,96.77419354838712,2
Candidate_047,Administrative Assistant,0.9663865546218489,96.63865546218489,3
Candidate_047,Inside Sales Representative,0.9653499653499653,96.53499653499654,4
Candidate_047,Retail Sales Associate,0.9653499653499653,96.53499653499654,4
Candidate_047,Office Administrator,0.9644138755980862,96.44138755980862,5
Candidate_047,"Driver, Truck",0.9603960396039602,96.03960396039602,6
Candidate_047,Bookkeeper,0.9603399433427762,96.03399433427762,7
Candidate_047,Delivery Driver,0.9564541213063764,95.64541213063764,8
Candidate_047,Restaurant Manager,0.9505343511450381,95.05343511450381,9
Candidate_047,Secondary School Teacher,0.9442586399108137,94.42586399108137,10
Candidate_047,Continuing Care Assistant,0.9422632794457275,94.22632794457274,11
Candidate_047,Information Technology (IT) Analyst,0.9346167816926989,93.46167816926989,12
Candidate_047,Software Developer,0.9318766066838046,93.18766066838046,13
Candidate_047,Licensed Practical Nurse (L.P.N.),0.9238150625181739,92.38150625181738,14
Candidate_048,Bookkeeper,0.6285410764872521,62.85410764872521,1
Candidate_048,Software Developer,0.6266066838046273,62.660668380462724,2
Candidate_048,Office Manager,0.6258992805755395,62.58992805755395,3
Candidate_048,Office Administrator,0.6205143540669857,62.05143540669857,4
Candidate_048,Secondary School Teacher,0.6131549609810479,61.315496098104795,5
Candidate_048,Information Technology (IT) Analyst,0.6085724664002905,60.85724664002905,6
Candidate_048,"Driver, Truck",0.6039603960396038,60.39603960396038,7
Candidate_048,Inside Sales Representative,0.6015246015246015,60.15246015246015,8
Candidate_048,Retail Sales Associate,0.6015246015246015,60.15246015246015,8
Candidate_048,Food Service Supervisor,0.5964516129032259,59.64516129032259,9
Candidate_048,Restaurant Manager,0.5951145038167939,59.51145038167939,10
Candidate_048,Administrative Assistant,0.5926050420168067,59.260504201680675,11
Candidate_048,Delivery Driver,0.5925349922239502,59.25349922239502,12
Candidate_048,Licensed Practical Nurse (L.P.N.),0.585344576911893,58.5344576911893,13
Candidate_048,Continuing Care Assistant,0.5817936874518861,58.17936874518861,14
Candidate_049,"Driver, Truck",0.5691089108910891,56.91089108910891,1
Candidate_049,Administrative Assistant,0.5589915966386555,55.89915966386555,2
Candidate_049,Office Manager,0.5576978417266187,55.76978417266187,3
Candidate_049,Software Developer,0.5504498714652957,55.044987146529564,4
Candidate_049,Delivery Driver,0.5486003110419906,54.86003110419906,5
Candidate_049,Office Administrator,0.5475478468899523,54.75478468899523,6
Candidate_049,Bookkeeper,0.5442634560906515,54.42634560906515,7
Candidate_049,Information Technology (IT) Analyst,0.5386124228114784,53.86124228114784,8
Candidate_049,Continuing Care Assistant,0.533679753656659,53.3679753656659,9
Candidate_049,Secondary School Teacher,0.5331661092530657,53.31661092530658,10
Candidate_049,Restaurant Manager,0.530381679389313,53.0381679389313,11
Candidate_049,Food Service Supervisor,0.5241935483870968,52.41935483870967,12
Candidate_049,Inside Sales Representative,0.5239085239085239,52.390852390852395,13
Candidate_049,Retail Sales Associate,0.5239085239085239,52.390852390852395,13
Candidate_049,Licensed Practical Nurse (L.P.N.),0.5236987496365222,52.36987496365222,14
Candidate_050,Administrative Assistant,0.8991596638655464,89.91596638655463,1
Candidate_050,Office Manager,0.8920863309352518,89.20863309352518,2
Candidate_050,Office Administrator,0.8821770334928231,88.2177033492823,3
Candidate_050,"Driver, Truck",0.8811881188118811,88.11881188118811,4
Candidate_050,Inside Sales Representative,0.8745668745668745,87.45668745668745,5
Candidate_050,Retail Sales Associate,0.8745668745668745,87.45668745668745,5
Candidate_050,Food Service Supervisor,0.870967741935484,87.0967741935484,6
Candidate_050,Delivery Driver,0.8689735614307932,86.89735614307932,7
Candidate_050,Continuing Care Assistant,0.8677829099307159,86.7782909930716,8
Candidate_050,Secondary School Teacher,0.8676142697881827,86.76142697881826,9
Candidate_050,Restaurant Manager,0.8625954198473282,86.25954198473282,10
Candidate_050,Information Technology (IT) Analyst,0.8547039593171086,85.47039593171087,11
Candidate_050,Software Developer,0.8435089974293059,84.35089974293058,12
Candidate_050,Bookkeeper,0.8406515580736544,84.06515580736544,13
Candidate_050,Licensed Practical Nurse (L.P.N.),0.840069787728991,84.0069787728991,14
Candidate_051,Administrative Assistant,0.4541176470588235,45.41176470588235,1
Candidate_051,Software Developer,0.4540488431876607,45.40488431876607,2
Candidate_051,"Driver, Truck",0.4455445544554455,44.55445544554455,3
Candidate_051,Office Manager,0.4425899280575539,44.25899280575539,4
Candidate_051,Office Administrator,0.4410885167464116,44.10885167464116,5
Candidate_051,Bookkeeper,0.4380311614730878,43.80311614730878,6
Candidate_051,Information Technology (IT) Analyst,0.43690519433345437,43.690519433345436,7
Candidate_051,Delivery Driver,0.427293934681182,42.7293934681182,8
Candidate_051,Secondary School Teacher,0.42502787068004455,42.50278706800445,9
Candidate_051,Continuing Care Assistant,0.4207082371054658,42.07082371054658,10
Candidate_051,Inside Sales Representative,0.41995841995842,41.995841995842,11
Candidate_051,Retail Sales Associate,0.41995841995842,41.995841995842,11
Candidate_051,Restaurant Manager,0.41190839694656484,41.19083969465648,12
Candidate_051,Licensed Practical Nurse (L.P.N.),0.4108752544344286,41.087525443442864,13
Candidate_051,Food Service Supervisor,0.39903225806451614,39.903225806451616,14
Candidate_052,Software Developer,0.7911311053984575,79.11311053984575,1
Candidate_052,Secondary School Teacher,0.7770345596432553,77.70345596432553,2
Candidate_052,Information Technology (IT) Analyst,0.7756629131856156,77.56629131856157,3
Candidate_052,Bookkeeper,0.7744334277620397,77.44334277620398,4
Candidate_052,Licensed Practical Nurse (L.P.N.),0.7743530095958127,77.43530095958127,5
Candidate_052,Office Manager,0.7697841726618705,76.97841726618705,6
Candidate_052,"Driver, Truck",0.767128712871287,76.7128712871287,7
Candidate_052,Restaurant Manager,0.7630534351145039,76.30534351145039,8
Candidate_052,Office Administrator,0.7625598086124403,76.25598086124403,9
Candidate_052,Delivery Driver,0.7573872472783826,75.73872472783826,10
Candidate_052,Food Service Supervisor,0.7538709677419355,75.38709677419355,11
Candidate_052,Continuing Care Assistant,0.7525019245573519,75.25019245573519,12
Candidate_052,Inside Sales Representative,0.7401247401247402,74.01247401247402,13
Candidate_052,Retail Sales Associate,0.7401247401247402,74.01247401247402,13
Candidate_052,Administrative Assistant,0.7310924369747899,73.10924369747899,14
Candidate_053,Bookkeeper,0.5577195467422096,55.77195467422096,1
Candidate_053,Software Developer,0.5424164524421594,54.24164524421594,2
Candidate_053,"Driver, Truck",0.5247524752475247,52.47524752475247,3
Candidate_053,Office Administrator,0.5233253588516747,52.332535885167474,4
Candidate_053,Office Manager,0.5217266187050359,52.17266187050359,5
Candidate_053,Administrative Assistant,0.521344537815126,52.134453781512605,6
Candidate_053,Information Technology (IT) Analyst,0.5168180167090446,51.68180167090446,7
Candidate_053,Delivery Driver,0.5147744945567652,51.47744945567651,8
Candidate_053,Inside Sales Representative,0.5107415107415108,51.074151074151075,9
Candidate_053,Retail Sales Associate,0.5107415107415108,51.074151074151075,9
Candidate_053,Secondary School Teacher,0.5016722408026756,50.16722408026756,10
Candidate_053,Restaurant Manager,0.49984732824427475,49.984732824427475,11
Candidate_053,Food Service Supervisor,0.49580645161290327,49.58064516129033,12
Candidate_053,Continuing Care Assistant,0.49518860662047737,49.518860662047736,13
Candidate_053,Licensed Practical Nurse (L.P.N.),0.49462052922361155,49.46205292236115,14
Candidate_054,Office Manager,0.9712230215827338,97.12230215827337,1
Candidate_054,Food Service Supervisor,0.9677419354838711,96.77419354838712,2
Candidate_054,Administrative Assistant,0.9663865546218489,96.63865546218489,3
Candidate_054,Inside Sales Representative,0.9653499653499653,96.53499653499654,4
Candidate_054,Retail Sales Associate,0.9653499653499653,96.53499653499654,4
Candidate_054,Office Administrator,0.9644138755980862,96.44138755980862,5
Candidate_054,"Driver, Truck",0.9603960396039602,96.03960396039602,6
Candidate_054,Bookkeeper,0.9603399433427762,96.03399433427762,7
Candidate_054,Delivery Driver,0.9564541213063764,95.64541213063764,8
Candidate_054,Restaurant Manager,0.9505343511450381,95.05343511450381,9
Candidate_054,Secondary School Teacher,0.9442586399108137,94.42586399108137,10
Candidate_054,Continuing Care Assistant,0.9422632794457275,94.22632794457274,11
Candidate_054,Information Technology (IT) Analyst,0.9346167816926989,93.46167816926989,12
Candidate_054,Software Developer,0.9318766066838046,93.18766066838046,13
Candidate_054,Licensed Practical Nurse (L.P.N.),0.9238150625181739,92.38150625181738,14
Candidate_055,Office Manager,0.6618705035971223,66.18705035971223,1
Candidate_055,"Driver, Truck",0.6483168316831682,64.83168316831683,2
Candidate_055,Office Administrator,0.6447368421052633,64.47368421052633,3
Candidate_055,Secondary School Teacher,0.6446488294314381,64.4648829431438,4
Candidate_055,Software Developer,0.6346401028277635,63.46401028277635,5
Candidate_055,Information Technology (IT) Analyst,0.6303668725027243,63.03668725027243,6
Candidate_055,Administrative Assistant,0.6302521008403361,63.02521008403361,7
Candidate_055,Delivery Driver,0.6263608087091757,62.63608087091757,8
Candidate_055,Restaurant Manager,0.6256488549618321,62.56488549618321,9
Candidate_055,Food Service Supervisor,0.6248387096774194,62.483870967741936,10
Candidate_055,Continuing Care Assistant,0.6202848344880678,62.02848344880678,11
Candidate_055,Bookkeeper,0.615084985835694,61.508498583569406,12
Candidate_055,Inside Sales Representative,0.6146916146916147,61.46916146916147,13
Candidate_055,Retail Sales Associate,0.6146916146916147,61.46916146916147,13
Candidate_055,Licensed Practical Nurse (L.P.N.),0.6144227973248036,61.442279732480365,14
Candidate_056,Administrative Assistant,0.8991596638655464,89.91596638655463,1
Candidate_056,Office Manager,0.8920863309352518,89.20863309352518,2
Candidate_056,Office Administrator,0.8821770334928231,88.2177033492823,3
Candidate_056,"Driver, Truck",0.8811881188118811,88.11881188118811,4
Candidate_056,Inside Sales Representative,0.8745668745668745,87.45668745668745,5
Candidate_056,Retail Sales Associate,0.8745668745668745,87.45668745668745,5
Candidate_056,Food Service Supervisor,0.870967741935484,87.0967741935484,6
Candidate_056,Delivery Driver,0.8689735614307932,86.89735614307932,7
Candidate_056,Continuing Care Assistant,0.8677829099307159,86.7782909930716,8
Candidate_056,Secondary School Teacher,0.8676142697881827,86.76142697881826,9
Candidate_056,Restaurant Manager,0.8625954198473282,86.25954198473282,10
Candidate_056,Information Technology (IT) Analyst,0.8547039593171086,85.47039593171087,11
Candidate_056,Software Developer,0.8435089974293059,84.35089974293058,12
Candidate_056,Bookkeeper,0.8406515580736544,84.06515580736544,13
Candidate_056,Licensed Practical Nurse (L.P.N.),0.840069787728991,84.0069787728991,14
Candidate_057,Software Developer,0.9035989717223649,90.35989717223649,1
Candidate_057,Information Technology (IT) Analyst,0.898292771521976,89.82927715219759,2
Candidate_057,Inside Sales Representative,0.896049896049896,89.6049896049896,3
Candidate_057,Retail Sales Associate,0.896049896049896,89.6049896049896,3
Candidate_057,Administrative Assistant,0.895126050420168,89.5126050420168,4
Candidate_057,Bookkeeper,0.8937677053824362,89.37677053824362,5
Candidate_057,Office Administrator,0.8935406698564594,89.35406698564594,6
Candidate_057,Secondary School Teacher,0.8918617614269787,89.18617614269787,7
Candidate_057,Licensed Practical Nurse (L.P.N.),0.8871765047979063,88.71765047979063,8
Candidate_057,Continuing Care Assistant,0.8870284834488067,88.70284834488066,9
Candidate_057,Office Manager,0.8848920863309352,88.48920863309353,10
Candidate_057,Restaurant Manager,0.881526717557252,88.1526717557252,11
Candidate_057,Delivery Driver,0.8786936236391915,87.86936236391915,12
Candidate_057,"Driver, Truck",0.8764356435643563,87.64356435643563,13
Candidate_057,Food Service Supervisor,0.8748387096774194,87.48387096774194,14
Candidate_058,Administrative Assistant,0.7942857142857143,79.42857142857143,1
Candidate_058,Office Manager,0.776978417266187,77.6978417266187,2
Candidate_058,Office Administrator,0.7757177033492824,77.57177033492823,3
Candidate_058,Inside Sales Representative,0.7706167706167706,77.06167706167706,4
Candidate_058,Retail Sales Associate,0.7706167706167706,77.06167706167706,4
Candidate_058,Secondary School Teacher,0.7594760312151615,75.94760312151615,5
Candidate_058,"Driver, Truck",0.7576237623762375,75.76237623762376,6
Candidate_058,Continuing Care Assistant,0.7548113933795226,75.48113933795226,7
Candidate_058,Information Technology (IT) Analyst,0.7529967308390846,75.29967308390846,8
Candidate_058,Delivery Driver,0.7476671850699845,74.76671850699846,9
Candidate_058,Software Developer,0.7471079691516709,74.7107969151671,10
Candidate_058,Food Service Supervisor,0.7458064516129033,74.58064516129032,11
Candidate_058,Restaurant Manager,0.7441221374045802,74.41221374045803,12
Candidate_058,Bookkeeper,0.7344192634560907,73.44192634560906,13
Candidate_058,Licensed Practical Nurse (L.P.N.),0.7272462925268973,72.72462925268974,14
Candidate_059,Software Developer,0.6947300771208227,69.47300771208226,1
Candidate_059,Information Technology (IT) Analyst,0.6739556847075916,67.39556847075916,2
Candidate_059,Secondary School Teacher,0.6688963210702341,66.88963210702342,3
Candidate_059,Bookkeeper,0.6682011331444759,66.8201133144476,4
Candidate_059,Licensed Practical Nurse (L.P.N.),0.6615295143937191,66.1529514393719,5
Candidate_059,Office Administrator,0.6561004784688996,65.61004784688997,6
Candidate_059,Office Manager,0.6546762589928057,65.46762589928056,7
Candidate_059,Restaurant Manager,0.6445801526717557,64.45801526717557,8
Candidate_059,"Driver, Truck",0.6435643564356435,64.35643564356435,9
Candidate_059,Continuing Care Assistant,0.6395304080061586,63.95304080061586,10
Candidate_059,Inside Sales Representative,0.6361746361746362,63.61746361746362,11
Candidate_059,Retail Sales Associate,0.6361746361746362,63.61746361746362,11
Candidate_059,Delivery Driver,0.6360808709175739,63.60808709175739,12
Candidate_059,Food Service Supervisor,0.6287096774193549,62.87096774193549,13
Candidate_059,Administrative Assistant,0.626218487394958,62.6218487394958,14
Candidate_060,Software Developer,0.5902956298200515,59.029562982005146,1
Candidate_060,Secondary School Teacher,0.568004459308807,56.800445930880706,2
Candidate_060,Information Technology (IT) Analyst,0.5676716309480566,56.76716309480566,3
Candidate_060,Licensed Practical Nurse (L.P.N.),0.5670252980517592,56.702529805175914,4
Candidate_060,Bookkeeper,0.5577195467422096,55.77195467422096,5
Candidate_060,Restaurant Manager,0.5529770992366412,55.297709923664115,6
Candidate_060,Office Manager,0.5467625899280576,54.67625899280576,7
Candidate_060,Office Administrator,0.5439593301435407,54.39593301435407,8
Candidate_060,Continuing Care Assistant,0.5361816782140107,53.61816782140107,9
Candidate_060,"Driver, Truck",0.5346534653465347,53.46534653465347,10
Candidate_060,Inside Sales Representative,0.5322245322245323,53.222453222453225,11
Candidate_060,Retail Sales Associate,0.5322245322245323,53.222453222453225,11
Candidate_060,Food Service Supervisor,0.5319354838709678,53.193548387096776,12
Candidate_060,Delivery Driver,0.5291601866251944,52.916018662519434,13
Candidate_060,Administrative Assistant,0.5001680672268908,50.016806722689076,14
Candidate_061,Administrative Assistant,1.0000000000000002,100.00000000000003,1
Candidate_061,Food Service Supervisor,1.0000000000000002,100.00000000000003,1
Candidate_061,Bookkeeper,1.0,100.0,2
Candidate_061,Continuing Care Assistant,1.0,100.0,2
Candidate_061,Delivery Driver,1.0,100.0,2
Candidate_061,Information Technology (IT) Analyst,1.0,100.0,2
Candidate_061,Inside Sales Representative,1.0,100.0,2
Candidate_061,Licensed Practical Nurse (L.P.N.),1.0,100.0,2
Candidate_061,Office Administrator,1.0,100.0,2
Candidate_061,Office Manager,1.0,100.0,2
Candidate_061,Restaurant Manager,1.0,100.0,2
Candidate_061,Retail Sales Associate,1.0,100.0,2
Candidate_061,Software Developer,1.0,100.0,2
Candidate_061,"Driver, Truck",0.9999999999999999,99.99999999999999,3
Candidate_061,Secondary School Teacher,0.9999999999999999,99.99999999999999,3
Candidate_062,Administrative Assistant,0.8991596638655464,89.91596638655463,1
Candidate_062,Office Manager,0.8920863309352518,89.20863309352518,2
Candidate_062,Office Administrator,0.8821770334928231,88.2177033492823,3
Candidate_062,"Driver, Truck",0.8811881188118811,88.11881188118811,4
Candidate_062,Inside Sales Representative,0.8745668745668745,87.45668745668745,5
Candidate_062,Retail Sales Associate,0.8745668745668745,87.45668745668745,5
Candidate_062,Food Service Supervisor,0.870967741935484,87.0967741935484,6
Candidate_062,Delivery Driver,0.8689735614307932,86.89735614307932,7
Candidate_062,Continuing Care Assistant,0.8677829099307159,86.7782909930716,8
Candidate_062,Secondary School Teacher,0.8676142697881827,86.76142697881826,9
Candidate_062,Restaurant Manager,0.8625954198473282,86.25954198473282,10
Candidate_062,Information Technology (IT) Analyst,0.8547039593171086,85.47039593171087,11
Candidate_062,Software Developer,0.8435089974293059,84.35089974293058,12
Candidate_062,Bookkeeper,0.8406515580736544,84.06515580736544,13
Candidate_062,Licensed Practical Nurse (L.P.N.),0.840069787728991,84.0069787728991,14
Candidate_063,Administrative Assistant,0.7942857142857143,79.42857142857143,1
Candidate_063,Office Manager,0.776978417266187,77.6978417266187,2
Candidate_063,Office Administrator,0.7757177033492824,77.57177033492823,3
Candidate_063,Inside Sales Representative,0.7706167706167706,77.06167706167706,4
Candidate_063,Retail Sales Associate,0.7706167706167706,77.06167706167706,4
Candidate_063,Secondary School Teacher,0.7594760312151615,75.94760312151615,5
Candidate_063,"Driver, Truck",0.7576237623762375,75.76237623762376,6
Candidate_063,Continuing Care Assistant,0.7548113933795226,75.48113933795226,7
Candidate_063,Information Technology (IT) Analyst,0.7529967308390846,75.29967308390846,8
Candidate_063,Delivery Driver,0.7476671850699845,74.76671850699846,9
Candidate_063,Software Developer,0.7471079691516709,74.7107969151671,10
Candidate_063,Food Service Supervisor,0.7458064516129033,74.58064516129032,11
Candidate_063,Restaurant Manager,0.7441221374045802,74.41221374045803,12
Candidate_063,Bookkeeper,0.7344192634560907,73.44192634560906,13
Candidate_063,Licensed Practical Nurse (L.P.N.),0.7272462925268973,72.72462925268974,14
